Place,Date,Time,Value,Unit,Value,Unit,Value,Unit,Value,Unit,Value,Unit,Value,Unit,Value,Unit,Value,Unit,Value,Unit,Value,Unit,Value,Unit,Value,Unit
2059,3/10/26,12:13:40,24.8,T1TTemp C,24.8,T2TTemp C,24.7,T3TTemp C,24.6,T4TTemp C,24.7,T5TTemp C,24.8,T6TTemp C,24.3,T7TTemp C,24.4,T8TTemp C,24.2,T9TTemp C,24.3,T10TTemp C,9999,T11TTemp C,9999,T12TTemp C
2060,3/10/26,12:13:41,24.8,T1TTemp C,24.8,T2TTemp C,24.7,T3TTemp C,24.6,T4TTemp C,24.7,T5TTemp C,24.8,T6TTemp C,24.3,T7TTemp C,24.4,T8TTemp C,24.2,T9TTemp C,24.3,T10TTemp C,9999,T11TTemp C,9999,T12TTemp C
2061,3/10/26,12:13:42,24.8,T1TTemp C,24.8,T2TTemp C,24.7,T3TTemp C,24.6,T4TTemp C,24.7,T5TTemp C,24.8,T6TTemp C,24.3,T7TTemp C,24.4,T8TTemp C,24.2,T9TTemp C,24.3,T10TTemp C,9999,T11TTemp C,9999,T12TTemp C
2062,3/10/26,12:13:43,24.8,T1TTemp C,24.8,T2TTemp C,24.7,T3TTemp C,24.6,T4TTemp C,24.8,T5TTemp C,24.8,T6TTemp C,24.3,T7TTemp C,24.4,T8TTemp C,24.2,T9TTemp C,24.3,T10TTemp C,9999,T11TTemp C,9999,T12TTemp C
2063,3/10/26,12:13:44,24.8,T1TTemp C,24.8,T2TTemp C,24.7,T3TTemp C,24.6,T4TTemp C,24.8,T5TTemp C,24.8,T6TTemp C,24.3,T7TTemp C,24.4,T8TTemp C,24.2,T9TTemp C,24.3,T10TTemp C,9999,T11TTemp C,9999,T12TTemp C
2064,3/10/26,12:13:45,24.8,T1TTemp C,24.8,T2TTemp C,24.7,T3TTemp C,24.6,T4TTemp C,24.8,T5TTemp C,24.8,T6TTemp C,24.4,T7TTemp C,24.5,T8TTemp C,24.3,T9TTemp C,24.3,T10TTemp C,9999,T11TTemp C,9999,T12TTemp C
2065,3/10/26,12:13:46,24.8,T1TTemp C,24.8,T2TTemp C,24.7,T3TTemp C,24.6,T4TTemp C,24.8,T5TTemp C,24.8,T6TTemp C,24.4,T7TTemp C,24.5,T8TTemp C,24.3,T9TTemp C,24.3,T10TTemp C,9999,T11TTemp C,9999,T12TTemp C
2066,3/10/26,12:13:47,24.8,T1TTemp C,24.8,T2TTemp C,24.8,T3TTemp C,24.7,T4TTemp C,24.8,T5TTemp C,24.8,T6TTemp C,24.4,T7TTemp C,24.5,T8TTemp C,24.3,T9TTemp C,24.4,T10TTemp C,9999,T11TTemp C,9999,T12TTemp C
2067,3/10/26,12:13:48,24.8,T1TTemp C,24.8,T2TTemp C,24.8,T3TTemp C,24.7,T4TTemp C,24.8,T5TTemp C,24.8,T6TTemp C,24.4,T7TTemp C,24.5,T8TTemp C,24.3,T9TTemp C,24.4,T10TTemp C,9999,T11TTemp C,9999,T12TTemp C
2068,3/10/26,12:13:49,24.8,T1TTemp C,24.8,T2TTemp C,24.8,T3TTemp C,24.7,T4TTemp C,24.8,T5TTemp C,24.8,T6TTemp C,24.4,T7TTemp C,24.5,T8TTemp C,24.3,T9TTemp C,24.4,T10TTemp C,9999,T11TTemp C,9999,T12TTemp C
2069,3/10/26,12:13:50,24.9,T1TTemp C,24.9,T2TTemp C,24.8,T3TTemp C,24.7,T4TTemp C,24.8,T5TTemp C,24.8,T6TTemp C,24.4,T7TTemp C,24.5,T8TTemp C,24.3,T9TTemp C,24.4,T10TTemp C,9999,T11TTemp C,9999,T12TTemp C
2070,3/10/26,12:13:51,24.9,T1TTemp C,24.9,T2TTemp C,24.8,T3TTemp C,24.7,T4TTemp C,24.8,T5TTemp C,24.8,T6TTemp C,24.4,T7TTemp C,24.5,T8TTemp C,24.3,T9TTemp C,24.4,T10TTemp C,9999,T11TTemp C,9999,T12TTemp C
2071,3/10/26,12:13:52,24.9,T1TTemp C,24.9,T2TTemp C,24.8,T3TTemp C,24.7,T4TTemp C,24.8,T5TTemp C,24.8,T6TTemp C,24.5,T7TTemp C,24.6,T8TTemp C,24.4,T9TTemp C,24.4,T10TTemp C,9999,T11TTemp C,9999,T12TTemp C
2072,3/10/26,12:13:53,24.9,T1TTemp C,24.9,T2TTemp C,24.8,T3TTemp C,24.7,T4TTemp C,24.8,T5TTemp C,24.8,T6TTemp C,24.5,T7TTemp C,24.6,T8TTemp C,24.4,T9TTemp C,24.4,T10TTemp C,9999,T11TTemp C,9999,T12TTemp C
2073,3/10/26,12:13:54,24.9,T1TTemp C,24.9,T2TTemp C,24.8,T3TTemp C,24.8,T4TTemp C,24.8,T5TTemp C,24.8,T6TTemp C,24.5,T7TTemp C,24.6,T8TTemp C,24.4,T9TTemp C,24.5,T10TTemp C,9999,T11TTemp C,9999,T12TTemp C
2074,3/10/26,12:13:55,24.9,T1TTemp C,24.9,T2TTemp C,24.8,T3TTemp C,24.8,T4TTemp C,24.8,T5TTemp C,24.8,T6TTemp C,24.5,T7TTemp C,24.6,T8TTemp C,24.4,T9TTemp C,24.5,T10TTemp C,9999,T11TTemp C,9999,T12TTemp C
2075,3/10/26,12:13:56,24.9,T1TTemp C,24.9,T2TTemp C,24.8,T3TTemp C,24.8,T4TTemp C,24.8,T5TTemp C,24.8,T6TTemp C,24.5,T7TTemp C,24.6,T8TTemp C,24.4,T9TTemp C,24.5,T10TTemp C,9999,T11TTemp C,9999,T12TTemp C
2076,3/10/26,12:13:57,24.9,T1TTemp C,24.9,T2TTemp C,24.8,T3TTemp C,24.8,T4TTemp C,24.8,T5TTemp C,24.8,T6TTemp C,24.5,T7TTemp C,24.6,T8TTemp C,24.4,T9TTemp C,24.5,T10TTemp C,9999,T11TTemp C,9999,T12TTemp C
2077,3/10/26,12:13:58,24.9,T1TTemp C,24.9,T2TTemp C,24.8,T3TTemp C,24.8,T4TTemp C,24.8,T5TTemp C,24.8,T6TTemp C,24.5,T7TTemp C,24.6,T8TTemp C,24.4,T9TTemp C,24.5,T10TTemp C,9999,T11TTemp C,9999,T12TTemp C
2078,3/10/26,12:13:59,24.9,T1TTemp C,24.9,T2TTemp C,24.8,T3TTemp C,24.8,T4TTemp C,24.8,T5TTemp C,24.8,T6TTemp C,24.5,T7TTemp C,24.6,T8TTemp C,24.4,T9TTemp C,24.5,T10TTemp C,9999,T11TTemp C,9999,T12TTemp C
2079,3/10/26,12:14:00,24.9,T1TTemp C,24.9,T2TTemp C,24.8,T3TTemp C,24.8,T4TTemp C,24.8,T5TTemp C,24.8,T6TTemp C,24.5,T7TTemp C,24.6,T8TTemp C,24.4,T9TTemp C,24.5,T10TTemp C,9999,T11TTemp C,9999,T12TTemp C
2080,3/10/26,12:14:01,24.9,T1TTemp C,24.9,T2TTemp C,24.8,T3TTemp C,24.8,T4TTemp C,24.8,T5TTemp C,24.8,T6TTemp C,24.5,T7TTemp C,24.6,T8TTemp C,24.4,T9TTemp C,24.5,T10TTemp C,9999,T11TTemp C,9999,T12TTemp C
2081,3/10/26,12:14:02,24.9,T1TTemp C,24.9,T2TTemp C,24.8,T3TTemp C,24.8,T4TTemp C,24.8,T5TTemp C,24.8,T6TTemp C,24.5,T7TTemp C,24.6,T8TTemp C,24.4,T9TTemp C,24.5,T10TTemp C,9999,T11TTemp C,9999,T12TTemp C
2082,3/10/26,12:14:03,24.9,T1TTemp C,24.9,T2TTemp C,24.8,T3TTemp C,24.8,T4TTemp C,24.8,T5TTemp C,24.8,T6TTemp C,24.5,T7TTemp C,24.6,T8TTemp C,24.4,T9TTemp C,24.5,T10TTemp C,9999,T11TTemp C,9999,T12TTemp C
2083,3/10/26,12:14:04,24.9,T1TTemp C,24.9,T2TTemp C,24.8,T3TTemp C,24.8,T4TTemp C,24.8,T5TTemp C,24.8,T6TTemp C,24.5,T7TTemp C,24.6,T8TTemp C,24.4,T9TTemp C,24.5,T10TTemp C,9999,T11TTemp C,9999,T12TTemp C
2084,3/10/26,12:14:05,24.9,T1TTemp C,24.9,T2TTemp C,24.8,T3TTemp C,24.8,T4TTemp C,24.8,T5TTemp C,24.8,T6TTemp C,24.5,T7TTemp C,24.6,T8TTemp C,24.4,T9TTemp C,24.5,T10TTemp C,9999,T11TTemp C,9999,T12TTemp C
2085,3/10/26,12:14:06,24.9,T1TTemp C,24.9,T2TTemp C,24.8,T3TTemp C,24.8,T4TTemp C,24.8,T5TTemp C,24.8,T6TTemp C,24.6,T7TTemp C,24.6,T8TTemp C,24.4,T9TTemp C,24.5,T10TTemp C,9999,T11TTemp C,9999,T12TTemp C
2086,3/10/26,12:14:07,24.9,T1TTemp C,24.9,T2TTemp C,24.8,T3TTemp C,24.8,T4TTemp C,24.8,T5TTemp C,24.8,T6TTemp C,24.6,T7TTemp C,24.6,T8TTemp C,24.4,T9TTemp C,24.5,T10TTemp C,9999,T11TTemp C,9999,T12TTemp C
2087,3/10/26,12:14:08,24.9,T1TTemp C,24.9,T2TTemp C,24.8,T3TTemp C,24.8,T4TTemp C,24.8,T5TTemp C,24.8,T6TTemp C,24.6,T7TTemp C,24.6,T8TTemp C,24.5,T9TTemp C,24.5,T10TTemp C,9999,T11TTemp C,9999,T12TTemp C
2088,3/10/26,12:14:09,24.9,T1TTemp C,24.9,T2TTemp C,24.8,T3TTemp C,24.8,T4TTemp C,24.8,T5TTemp C,24.8,T6TTemp C,24.6,T7TTemp C,24.6,T8TTemp C,24.5,T9TTemp C,24.5,T10TTemp C,9999,T11TTemp C,9999,T12TTemp C
Place,Date,Time,Value,Unit,Value,Unit,Value,Unit,Value,Unit,Value,Unit,Value,Unit,Value,Unit,Value,Unit,Value,Unit,Value,Unit,Value,Unit,Value,Unit
2089,3/10/26,12:14:40,24.9,T1TTemp C,24.9,T2TTemp C,24.8,T3TTemp C,24.8,T4TTemp C,24.8,T5TTemp C,24.9,T6TTemp C,24.6,T7TTemp C,24.7,T8TTemp C,24.5,T9TTemp C,24.5,T10TTemp C,9999,T11TTemp C,9999,T12TTemp C
2090,3/10/26,12:14:41,24.9,T1TTemp C,24.9,T2TTemp C,24.8,T3TTemp C,24.8,T4TTemp C,24.8,T5TTemp C,24.9,T6TTemp C,24.6,T7TTemp C,24.7,T8TTemp C,24.5,T9TTemp C,24.5,T10TTemp C,9999,T11TTemp C,9999,T12TTemp C
2091,3/10/26,12:14:42,24.9,T1TTemp C,24.9,T2TTemp C,24.8,T3TTemp C,24.8,T4TTemp C,24.8,T5TTemp C,24.9,T6TTemp C,24.6,T7TTemp C,24.7,T8TTemp C,24.5,T9TTemp C,24.5,T10TTemp C,9999,T11TTemp C,9999,T12TTemp C
2092,3/10/26,12:14:43,24.9,T1TTemp C,24.9,T2TTemp C,24.8,T3TTemp C,24.8,T4TTemp C,24.8,T5TTemp C,24.9,T6TTemp C,24.6,T7TTemp C,24.7,T8TTemp C,24.5,T9TTemp C,24.5,T10TTemp C,9999,T11TTemp C,9999,T12TTemp C
2093,3/10/26,12:14:44,24.9,T1TTemp C,24.9,T2TTemp C,24.8,T3TTemp C,24.8,T4TTemp C,24.8,T5TTemp C,24.9,T6TTemp C,24.6,T7TTemp C,24.7,T8TTemp C,24.5,T9TTemp C,24.5,T10TTemp C,9999,T11TTemp C,9999,T12TTemp C
2094,3/10/26,12:14:45,24.9,T1TTemp C,24.9,T2TTemp C,24.8,T3TTemp C,24.8,T4TTemp C,24.8,T5TTemp C,24.9,T6TTemp C,24.6,T7TTemp C,24.7,T8TTemp C,24.5,T9TTemp C,24.5,T10TTemp C,9999,T11TTemp C,9999,T12TTemp C
2095,3/10/26,12:14:46,24.9,T1TTemp C,24.9,T2TTemp C,24.8,T3TTemp C,24.8,T4TTemp C,24.8,T5TTemp C,24.9,T6TTemp C,24.6,T7TTemp C,24.7,T8TTemp C,24.5,T9TTemp C,24.5,T10TTemp C,9999,T11TTemp C,9999,T12TTemp C
2096,3/10/26,12:14:47,24.9,T1TTemp C,24.9,T2TTemp C,24.8,T3TTemp C,24.8,T4TTemp C,24.8,T5TTemp C,24.9,T6TTemp C,24.6,T7TTemp C,24.7,T8TTemp C,24.5,T9TTemp C,24.5,T10TTemp C,9999,T11TTemp C,9999,T12TTemp C
2097,3/10/26,12:14:48,24.9,T1TTemp C,24.9,T2TTemp C,24.8,T3TTemp C,24.8,T4TTemp C,24.8,T5TTemp C,24.9,T6TTemp C,24.6,T7TTemp C,24.7,T8TTemp C,24.5,T9TTemp C,24.5,T10TTemp C,9999,T11TTemp C,9999,T12TTemp C
2098,3/10/26,12:14:49,24.9,T1TTemp C,24.9,T2TTemp C,24.8,T3TTemp C,24.8,T4TTemp C,24.8,T5TTemp C,24.9,T6TTemp C,24.6,T7TTemp C,24.7,T8TTemp C,24.5,T9TTemp C,24.5,T10TTemp C,9999,T11TTemp C,9999,T12TTemp C
2099,3/10/26,12:14:50,24.9,T1TTemp C,24.9,T2TTemp C,24.8,T3TTemp C,24.8,T4TTemp C,24.8,T5TTemp C,24.9,T6TTemp C,24.6,T7TTemp C,24.7,T8TTemp C,24.5,T9TTemp C,24.5,T10TTemp C,9999,T11TTemp C,9999,T12TTemp C
2100,3/10/26,12:14:51,24.9,T1TTemp C,24.9,T2TTemp C,24.8,T3TTemp C,24.8,T4TTemp C,24.8,T5TTemp C,24.9,T6TTemp C,24.6,T7TTemp C,24.7,T8TTemp C,24.5,T9TTemp C,24.5,T10TTemp C,9999,T11TTemp C,9999,T12TTemp C
2101,3/10/26,12:14:52,24.9,T1TTemp C,24.9,T2TTemp C,24.8,T3TTemp C,24.8,T4TTemp C,24.8,T5TTemp C,24.9,T6TTemp C,24.6,T7TTemp C,24.7,T8TTemp C,24.5,T9TTemp C,24.5,T10TTemp C,9999,T11TTemp C,9999,T12TTemp C
2102,3/10/26,12:14:53,24.9,T1TTemp C,24.9,T2TTemp C,24.8,T3TTemp C,24.8,T4TTemp C,24.8,T5TTemp C,24.9,T6TTemp C,24.6,T7TTemp C,24.7,T8TTemp C,24.5,T9TTemp C,24.5,T10TTemp C,9999,T11TTemp C,9999,T12TTemp C
2103,3/10/26,12:14:54,24.9,T1TTemp C,24.9,T2TTemp C,24.8,T3TTemp C,24.8,T4TTemp C,24.8,T5TTemp C,24.9,T6TTemp C,24.6,T7TTemp C,24.7,T8TTemp C,24.5,T9TTemp C,24.5,T10TTemp C,9999,T11TTemp C,9999,T12TTemp C
2104,3/10/26,12:14:55,24.9,T1TTemp C,24.9,T2TTemp C,24.8,T3TTemp C,24.8,T4TTemp C,24.8,T5TTemp C,24.9,T6TTemp C,24.6,T7TTemp C,24.7,T8TTemp C,24.5,T9TTemp C,24.5,T10TTemp C,9999,T11TTemp C,9999,T12TTemp C
2105,3/10/26,12:14:56,24.9,T1TTemp C,24.9,T2TTemp C,24.8,T3TTemp C,24.8,T4TTemp C,24.8,T5TTemp C,24.9,T6TTemp C,24.6,T7TTemp C,24.7,T8TTemp C,24.5,T9TTemp C,24.5,T10TTemp C,9999,T11TTemp C,9999,T12TTemp C
2106,3/10/26,12:14:57,24.9,T1TTemp C,24.9,T2TTemp C,24.8,T3TTemp C,24.8,T4TTemp C,24.8,T5TTemp C,24.8,T6TTemp C,24.6,T7TTemp C,24.7,T8TTemp C,24.5,T9TTemp C,24.5,T10TTemp C,9999,T11TTemp C,9999,T12TTemp C
2107,3/10/26,12:14:58,24.9,T1TTemp C,24.9,T2TTemp C,24.8,T3TTemp C,24.8,T4TTemp C,24.8,T5TTemp C,24.8,T6TTemp C,24.6,T7TTemp C,24.7,T8TTemp C,24.5,T9TTemp C,24.5,T10TTemp C,9999,T11TTemp C,9999,T12TTemp C
2108,3/10/26,12:14:59,24.9,T1TTemp C,24.9,T2TTemp C,24.8,T3TTemp C,24.8,T4TTemp C,24.8,T5TTemp C,24.8,T6TTemp C,24.6,T7TTemp C,24.7,T8TTemp C,24.5,T9TTemp C,24.5,T10TTemp C,9999,T11TTemp C,9999,T12TTemp C
2109,3/10/26,12:15:00,24.9,T1TTemp C,24.9,T2TTemp C,24.8,T3TTemp C,24.8,T4TTemp C,24.8,T5TTemp C,24.8,T6TTemp C,24.6,T7TTemp C,24.7,T8TTemp C,24.5,T9TTemp C,24.5,T10TTemp C,9999,T11TTemp C,9999,T12TTemp C
2110,3/10/26,12:15:01,24.9,T1TTemp C,24.9,T2TTemp C,24.8,T3TTemp C,24.8,T4TTemp C,24.8,T5TTemp C,24.8,T6TTemp C,24.6,T7TTemp C,24.7,T8TTemp C,24.5,T9TTemp C,24.5,T10TTemp C,9999,T11TTemp C,9999,T12TTemp C
2111,3/10/26,12:15:02,24.9,T1TTemp C,24.9,T2TTemp C,24.8,T3TTemp C,24.8,T4TTemp C,24.8,T5TTemp C,24.8,T6TTemp C,24.6,T7TTemp C,24.7,T8TTemp C,24.5,T9TTemp C,24.5,T10TTemp C,9999,T11TTemp C,9999,T12TTemp C
2112,3/10/26,12:15:03,24.9,T1TTemp C,24.9,T2TTemp C,24.8,T3TTemp C,24.8,T4TTemp C,24.8,T5TTemp C,24.8,T6TTemp C,24.6,T7TTemp C,24.7,T8TTemp C,24.5,T9TTemp C,24.5,T10TTemp C,9999,T11TTemp C,9999,T12TTemp C
2113,3/10/26,12:15:04,24.8,T1TTemp C,24.9,T2TTemp C,24.8,T3TTemp C,24.8,T4TTemp C,24.8,T5TTemp C,24.8,T6TTemp C,24.6,T7TTemp C,24.7,T8TTemp C,24.5,T9TTemp C,24.5,T10TTemp C,9999,T11TTemp C,9999,T12TTemp C
2114,3/10/26,12:15:05,24.8,T1TTemp C,24.9,T2TTemp C,24.8,T3TTemp C,24.8,T4TTemp C,24.8,T5TTemp C,24.8,T6TTemp C,24.6,T7TTemp C,24.7,T8TTemp C,24.5,T9TTemp C,24.5,T10TTemp C,9999,T11TTemp C,9999,T12TTemp C
2115,3/10/26,12:15:06,24.8,T1TTemp C,24.9,T2TTemp C,24.8,T3TTemp C,24.8,T4TTemp C,24.8,T5TTemp C,24.8,T6TTemp C,24.6,T7TTemp C,24.7,T8TTemp C,24.5,T9TTemp C,24.5,T10TTemp C,9999,T11TTemp C,9999,T12TTemp C
2116,3/10/26,12:15:07,24.8,T1TTemp C,24.9,T2TTemp C,24.8,T3TTemp C,24.8,T4TTemp C,24.8,T5TTemp C,24.8,T6TTemp C,24.6,T7TTemp C,24.7,T8TTemp C,24.5,T9TTemp C,24.5,T10TTemp C,9999,T11TTemp C,9999,T12TTemp C
2117,3/10/26,12:15:08,24.8,T1TTemp C,24.9,T2TTemp C,24.8,T3TTemp C,24.8,T4TTemp C,24.8,T5TTemp C,24.8,T6TTemp C,24.6,T7TTemp C,24.7,T8TTemp C,24.5,T9TTemp C,24.5,T10TTemp C,9999,T11TTemp C,9999,T12TTemp C
2118,3/10/26,12:15:09,24.8,T1TTemp C,24.9,T2TTemp C,24.8,T3TTemp C,24.8,T4TTemp C,24.8,T5TTemp C,24.8,T6TTemp C,24.6,T7TTemp C,24.7,T8TTemp C,24.5,T9TTemp C,24.5,T10TTemp C,9999,T11TTemp C,9999,T12TTemp C
Place,Date,Time,Value,Unit,Value,Unit,Value,Unit,Value,Unit,Value,Unit,Value,Unit,Value,Unit,Value,Unit,Value,Unit,Value,Unit,Value,Unit,Value,Unit
2119,3/10/26,12:15:40,24.8,T1TTemp C,24.9,T2TTemp C,24.8,T3TTemp C,24.8,T4TTemp C,24.8,T5TTemp C,24.8,T6TTemp C,24.6,T7TTemp C,24.6,T8TTemp C,24.4,T9TTemp C,24.5,T10TTemp C,9999,T11TTemp C,9999,T12TTemp C
2120,3/10/26,12:15:41,24.8,T1TTemp C,24.9,T2TTemp C,24.8,T3TTemp C,24.8,T4TTemp C,24.8,T5TTemp C,24.8,T6TTemp C,24.6,T7TTemp C,24.6,T8TTemp C,24.4,T9TTemp C,24.5,T10TTemp C,9999,T11TTemp C,9999,T12TTemp C
2121,3/10/26,12:15:42,24.8,T1TTemp C,24.9,T2TTemp C,24.8,T3TTemp C,24.8,T4TTemp C,24.8,T5TTemp C,24.8,T6TTemp C,24.6,T7TTemp C,24.6,T8TTemp C,24.4,T9TTemp C,24.5,T10TTemp C,9999,T11TTemp C,9999,T12TTemp C
2122,3/10/26,12:15:43,24.8,T1TTemp C,24.9,T2TTemp C,24.8,T3TTemp C,24.8,T4TTemp C,24.8,T5TTemp C,24.8,T6TTemp C,24.6,T7TTemp C,24.6,T8TTemp C,24.4,T9TTemp C,24.5,T10TTemp C,9999,T11TTemp C,9999,T12TTemp C
2123,3/10/26,12:15:44,24.8,T1TTemp C,24.9,T2TTemp C,24.8,T3TTemp C,24.8,T4TTemp C,24.8,T5TTemp C,24.8,T6TTemp C,24.6,T7TTemp C,24.6,T8TTemp C,24.4,T9TTemp C,24.5,T10TTemp C,9999,T11TTemp C,9999,T12TTemp C
2124,3/10/26,12:15:45,24.8,T1TTemp C,24.9,T2TTemp C,24.8,T3TTemp C,24.8,T4TTemp C,24.8,T5TTemp C,24.8,T6TTemp C,24.6,T7TTemp C,24.6,T8TTemp C,24.4,T9TTemp C,24.5,T10TTemp C,9999,T11TTemp C,9999,T12TTemp C
2125,3/10/26,12:15:46,24.8,T1TTemp C,24.9,T2TTemp C,24.8,T3TTemp C,24.8,T4TTemp C,24.8,T5TTemp C,24.8,T6TTemp C,24.6,T7TTemp C,24.6,T8TTemp C,24.4,T9TTemp C,24.5,T10TTemp C,9999,T11TTemp C,9999,T12TTemp C
2126,3/10/26,12:15:47,24.8,T1TTemp C,24.9,T2TTemp C,24.8,T3TTemp C,24.8,T4TTemp C,24.8,T5TTemp C,24.8,T6TTemp C,24.6,T7TTemp C,24.6,T8TTemp C,24.4,T9TTemp C,24.5,T10TTemp C,9999,T11TTemp C,9999,T12TTemp C
2127,3/10/26,12:15:48,24.8,T1TTemp C,24.9,T2TTemp C,24.8,T3TTemp C,24.8,T4TTemp C,24.8,T5TTemp C,24.8,T6TTemp C,24.6,T7TTemp C,24.6,T8TTemp C,24.4,T9TTemp C,24.5,T10TTemp C,9999,T11TTemp C,9999,T12TTemp C
2128,3/10/26,12:15:49,24.8,T1TTemp C,24.9,T2TTemp C,24.8,T3TTemp C,24.8,T4TTemp C,24.8,T5TTemp C,24.8,T6TTemp C,24.6,T7TTemp C,24.6,T8TTemp C,24.4,T9TTemp C,24.5,T10TTemp C,9999,T11TTemp C,9999,T12TTemp C
2129,3/10/26,12:15:50,24.8,T1TTemp C,24.9,T2TTemp C,24.8,T3TTemp C,24.8,T4TTemp C,24.8,T5TTemp C,24.8,T6TTemp C,24.6,T7TTemp C,24.6,T8TTemp C,24.4,T9TTemp C,24.5,T10TTemp C,9999,T11TTemp C,9999,T12TTemp C
2130,3/10/26,12:15:51,24.8,T1TTemp C,24.9,T2TTemp C,24.8,T3TTemp C,24.8,T4TTemp C,24.8,T5TTemp C,24.8,T6TTemp C,24.6,T7TTemp C,24.6,T8TTemp C,24.4,T9TTemp C,24.5,T10TTemp C,9999,T11TTemp C,9999,T12TTemp C
2131,3/10/26,12:15:52,24.8,T1TTemp C,24.9,T2TTemp C,24.8,T3TTemp C,24.8,T4TTemp C,24.8,T5TTemp C,24.8,T6TTemp C,24.6,T7TTemp C,24.6,T8TTemp C,24.4,T9TTemp C,24.5,T10TTemp C,9999,T11TTemp C,9999,T12TTemp C
2132,3/10/26,12:15:53,24.8,T1TTemp C,24.9,T2TTemp C,24.8,T3TTemp C,24.8,T4TTemp C,24.8,T5TTemp C,24.8,T6TTemp C,24.6,T7TTemp C,24.6,T8TTemp C,24.4,T9TTemp C,24.5,T10TTemp C,9999,T11TTemp C,9999,T12TTemp C
2133,3/10/26,12:15:54,24.8,T1TTemp C,24.9,T2TTemp C,24.8,T3TTemp C,24.8,T4TTemp C,24.8,T5TTemp C,24.8,T6TTemp C,24.6,T7TTemp C,24.6,T8TTemp C,24.4,T9TTemp C,24.5,T10TTemp C,9999,T11TTemp C,9999,T12TTemp C
2134,3/10/26,12:15:55,24.8,T1TTemp C,24.9,T2TTemp C,24.8,T3TTemp C,24.8,T4TTemp C,24.8,T5TTemp C,24.8,T6TTemp C,24.6,T7TTemp C,24.6,T8TTemp C,24.4,T9TTemp C,24.5,T10TTemp C,9999,T11TTemp C,9999,T12TTemp C
2135,3/10/26,12:15:56,24.8,T1TTemp C,24.9,T2TTemp C,24.8,T3TTemp C,24.8,T4TTemp C,24.8,T5TTemp C,24.8,T6TTemp C,24.6,T7TTemp C,24.6,T8TTemp C,24.4,T9TTemp C,24.5,T10TTemp C,9999,T11TTemp C,9999,T12TTemp C
2136,3/10/26,12:15:57,24.8,T1TTemp C,24.9,T2TTemp C,24.8,T3TTemp C,24.8,T4TTemp C,24.8,T5TTemp C,24.8,T6TTemp C,24.6,T7TTemp C,24.6,T8TTemp C,24.4,T9TTemp C,24.5,T10TTemp C,9999,T11TTemp C,9999,T12TTemp C
2137,3/10/26,12:15:58,24.8,T1TTemp C,24.9,T2TTemp C,24.8,T3TTemp C,24.8,T4TTemp C,24.8,T5TTemp C,24.8,T6TTemp C,24.6,T7TTemp C,24.6,T8TTemp C,24.4,T9TTemp C,24.5,T10TTemp C,9999,T11TTemp C,9999,T12TTemp C
2138,3/10/26,12:15:59,24.8,T1TTemp C,24.9,T2TTemp C,24.8,T3TTemp C,24.8,T4TTemp C,24.8,T5TTemp C,24.8,T6TTemp C,24.5,T7TTemp C,24.6,T8TTemp C,24.4,T9TTemp C,24.5,T10TTemp C,9999,T11TTemp C,9999,T12TTemp C
2139,3/10/26,12:16:00,24.8,T1TTemp C,24.9,T2TTemp C,24.8,T3TTemp C,24.8,T4TTemp C,24.8,T5TTemp C,24.8,T6TTemp C,24.5,T7TTemp C,24.6,T8TTemp C,24.4,T9TTemp C,24.5,T10TTemp C,9999,T11TTemp C,9999,T12TTemp C
2140,3/10/26,12:16:01,24.8,T1TTemp C,24.9,T2TTemp C,24.8,T3TTemp C,24.8,T4TTemp C,24.8,T5TTemp C,24.8,T6TTemp C,24.5,T7TTemp C,24.6,T8TTemp C,24.4,T9TTemp C,24.5,T10TTemp C,9999,T11TTemp C,9999,T12TTemp C
2141,3/10/26,12:16:02,24.8,T1TTemp C,24.8,T2TTemp C,24.8,T3TTemp C,24.8,T4TTemp C,24.8,T5TTemp C,24.8,T6TTemp C,24.5,T7TTemp C,24.6,T8TTemp C,24.4,T9TTemp C,24.5,T10TTemp C,9999,T11TTemp C,9999,T12TTemp C
2142,3/10/26,12:16:03,24.8,T1TTemp C,24.8,T2TTemp C,24.8,T3TTemp C,24.8,T4TTemp C,24.8,T5TTemp C,24.8,T6TTemp C,24.5,T7TTemp C,24.6,T8TTemp C,24.4,T9TTemp C,24.5,T10TTemp C,9999,T11TTemp C,9999,T12TTemp C
2143,3/10/26,12:16:04,24.8,T1TTemp C,24.8,T2TTemp C,24.8,T3TTemp C,24.8,T4TTemp C,24.8,T5TTemp C,24.8,T6TTemp C,24.5,T7TTemp C,24.6,T8TTemp C,24.4,T9TTemp C,24.5,T10TTemp C,9999,T11TTemp C,9999,T12TTemp C
2144,3/10/26,12:16:05,24.8,T1TTemp C,24.8,T2TTemp C,24.8,T3TTemp C,24.8,T4TTemp C,24.8,T5TTemp C,24.8,T6TTemp C,24.5,T7TTemp C,24.6,T8TTemp C,24.4,T9TTemp C,24.5,T10TTemp C,9999,T11TTemp C,9999,T12TTemp C
2145,3/10/26,12:16:06,24.8,T1TTemp C,24.8,T2TTemp C,24.8,T3TTemp C,24.8,T4TTemp C,24.8,T5TTemp C,24.8,T6TTemp C,24.5,T7TTemp C,24.6,T8TTemp C,24.4,T9TTemp C,24.5,T10TTemp C,9999,T11TTemp C,9999,T12TTemp C
2146,3/10/26,12:16:07,24.8,T1TTemp C,24.8,T2TTemp C,24.8,T3TTemp C,24.8,T4TTemp C,24.8,T5TTemp C,24.8,T6TTemp C,24.5,T7TTemp C,24.6,T8TTemp C,24.4,T9TTemp C,24.5,T10TTemp C,9999,T11TTemp C,9999,T12TTemp C
2147,3/10/26,12:16:08,24.8,T1TTemp C,24.8,T2TTemp C,24.8,T3TTemp C,24.8,T4TTemp C,24.8,T5TTemp C,24.8,T6TTemp C,24.5,T7TTemp C,24.6,T8TTemp C,24.4,T9TTemp C,24.5,T10TTemp C,9999,T11TTemp C,9999,T12TTemp C
2148,3/10/26,12:16:09,24.8,T1TTemp C,24.8,T2TTemp C,24.8,T3TTemp C,24.8,T4TTemp C,24.8,T5TTemp C,24.8,T6TTemp C,24.5,T7TTemp C,24.6,T8TTemp C,24.4,T9TTemp C,24.5,T10TTemp C,9999,T11TTemp C,9999,T12TTemp C
Place,Date,Time,Value,Unit,Value,Unit,Value,Unit,Value,Unit,Value,Unit,Value,Unit,Value,Unit,Value,Unit,Value,Unit,Value,Unit,Value,Unit,Value,Unit
2149,3/10/26,12:16:25,24.6,T1TTemp C,24.6,T2TTemp C,24.6,T3TTemp C,24.8,T4TTemp C,24.7,T5TTemp C,24.8,T6TTemp C,24.5,T7TTemp C,24.6,T8TTemp C,24.4,T9TTemp C,24.5,T10TTemp C,9999,T11TTemp C,9999,T12TTemp C
2150,3/10/26,12:16:26,24.6,T1TTemp C,24.6,T2TTemp C,24.6,T3TTemp C,24.8,T4TTemp C,24.7,T5TTemp C,24.8,T6TTemp C,24.5,T7TTemp C,24.6,T8TTemp C,24.4,T9TTemp C,24.5,T10TTemp C,9999,T11TTemp C,9999,T12TTemp C
2151,3/10/26,12:16:27,24.6,T1TTemp C,24.6,T2TTemp C,24.6,T3TTemp C,24.8,T4TTemp C,24.7,T5TTemp C,24.8,T6TTemp C,24.5,T7TTemp C,24.6,T8TTemp C,24.4,T9TTemp C,24.5,T10TTemp C,9999,T11TTemp C,9999,T12TTemp C
2152,3/10/26,12:16:28,24.6,T1TTemp C,24.6,T2TTemp C,24.5,T3TTemp C,24.8,T4TTemp C,24.7,T5TTemp C,24.8,T6TTemp C,24.5,T7TTemp C,24.6,T8TTemp C,24.4,T9TTemp C,24.5,T10TTemp C,9999,T11TTemp C,9999,T12TTemp C
2153,3/10/26,12:16:29,24.6,T1TTemp C,24.6,T2TTemp C,24.5,T3TTemp C,24.8,T4TTemp C,24.7,T5TTemp C,24.8,T6TTemp C,24.5,T7TTemp C,24.6,T8TTemp C,24.4,T9TTemp C,24.5,T10TTemp C,9999,T11TTemp C,9999,T12TTemp C
2154,3/10/26,12:16:30,24.6,T1TTemp C,24.6,T2TTemp C,24.5,T3TTemp C,24.8,T4TTemp C,24.7,T5TTemp C,24.8,T6TTemp C,24.5,T7TTemp C,24.6,T8TTemp C,24.4,T9TTemp C,24.5,T10TTemp C,9999,T11TTemp C,9999,T12TTemp C
2155,3/10/26,12:16:31,24.7,T1TTemp C,24.6,T2TTemp C,24.5,T3TTemp C,24.8,T4TTemp C,24.7,T5TTemp C,24.8,T6TTemp C,24.5,T7TTemp C,24.6,T8TTemp C,24.4,T9TTemp C,24.5,T10TTemp C,9999,T11TTemp C,9999,T12TTemp C
2156,3/10/26,12:16:32,24.7,T1TTemp C,24.6,T2TTemp C,24.5,T3TTemp C,24.8,T4TTemp C,24.7,T5TTemp C,24.8,T6TTemp C,24.5,T7TTemp C,24.6,T8TTemp C,24.4,T9TTemp C,24.5,T10TTemp C,9999,T11TTemp C,9999,T12TTemp C
2157,3/10/26,12:16:33,24.6,T1TTemp C,24.5,T2TTemp C,24.4,T3TTemp C,24.8,T4TTemp C,24.7,T5TTemp C,24.8,T6TTemp C,24.5,T7TTemp C,24.6,T8TTemp C,24.4,T9TTemp C,24.5,T10TTemp C,9999,T11TTemp C,9999,T12TTemp C
2158,3/10/26,12:16:34,24.6,T1TTemp C,24.5,T2TTemp C,24.4,T3TTemp C,24.8,T4TTemp C,24.7,T5TTemp C,24.8,T6TTemp C,24.5,T7TTemp C,24.6,T8TTemp C,24.4,T9TTemp C,24.5,T10TTemp C,9999,T11TTemp C,9999,T12TTemp C
2159,3/10/26,12:16:35,24.6,T1TTemp C,24.5,T2TTemp C,24.4,T3TTemp C,24.8,T4TTemp C,24.7,T5TTemp C,24.8,T6TTemp C,24.5,T7TTemp C,24.6,T8TTemp C,24.4,T9TTemp C,24.5,T10TTemp C,9999,T11TTemp C,9999,T12TTemp C
2160,3/10/26,12:16:36,24.6,T1TTemp C,24.5,T2TTemp C,24.4,T3TTemp C,24.8,T4TTemp C,24.7,T5TTemp C,24.8,T6TTemp C,24.5,T7TTemp C,24.6,T8TTemp C,24.4,T9TTemp C,24.5,T10TTemp C,9999,T11TTemp C,9999,T12TTemp C
2161,3/10/26,12:16:37,24.6,T1TTemp C,24.5,T2TTemp C,24.4,T3TTemp C,24.8,T4TTemp C,24.7,T5TTemp C,24.8,T6TTemp C,24.5,T7TTemp C,24.6,T8TTemp C,24.4,T9TTemp C,24.5,T10TTemp C,9999,T11TTemp C,9999,T12TTemp C
2162,3/10/26,12:16:38,24.6,T1TTemp C,24.5,T2TTemp C,24.4,T3TTemp C,24.8,T4TTemp C,24.7,T5TTemp C,24.8,T6TTemp C,24.5,T7TTemp C,24.6,T8TTemp C,24.4,T9TTemp C,24.5,T10TTemp C,9999,T11TTemp C,9999,T12TTemp C
2163,3/10/26,12:16:39,24.6,T1TTemp C,24.5,T2TTemp C,24.4,T3TTemp C,24.8,T4TTemp C,24.7,T5TTemp C,24.8,T6TTemp C,24.5,T7TTemp C,24.6,T8TTemp C,24.4,T9TTemp C,24.5,T10TTemp C,9999,T11TTemp C,9999,T12TTemp C
2164,3/10/26,12:16:40,24.5,T1TTemp C,24.5,T2TTemp C,24.4,T3TTemp C,24.8,T4TTemp C,24.7,T5TTemp C,24.8,T6TTemp C,24.5,T7TTemp C,24.6,T8TTemp C,24.4,T9TTemp C,24.5,T10TTemp C,9999,T11TTemp C,9999,T12TTemp C
2165,3/10/26,12:16:41,24.5,T1TTemp C,24.5,T2TTemp C,24.4,T3TTemp C,24.8,T4TTemp C,24.7,T5TTemp C,24.8,T6TTemp C,24.5,T7TTemp C,24.6,T8TTemp C,24.4,T9TTemp C,24.5,T10TTemp C,9999,T11TTemp C,9999,T12TTemp C
2166,3/10/26,12:16:42,24.5,T1TTemp C,24.5,T2TTemp C,24.4,T3TTemp C,24.8,T4TTemp C,24.7,T5TTemp C,24.8,T6TTemp C,24.5,T7TTemp C,24.6,T8TTemp C,24.4,T9TTemp C,24.5,T10TTemp C,9999,T11TTemp C,9999,T12TTemp C
2167,3/10/26,12:16:43,24.5,T1TTemp C,24.5,T2TTemp C,24.4,T3TTemp C,24.8,T4TTemp C,24.7,T5TTemp C,24.8,T6TTemp C,24.5,T7TTemp C,24.6,T8TTemp C,24.4,T9TTemp C,24.5,T10TTemp C,9999,T11TTemp C,9999,T12TTemp C
2168,3/10/26,12:16:44,24.5,T1TTemp C,24.5,T2TTemp C,24.4,T3TTemp C,24.8,T4TTemp C,24.7,T5TTemp C,24.8,T6TTemp C,24.5,T7TTemp C,24.6,T8TTemp C,24.4,T9TTemp C,24.5,T10TTemp C,9999,T11TTemp C,9999,T12TTemp C
2169,3/10/26,12:16:45,24.5,T1TTemp C,24.4,T2TTemp C,24.4,T3TTemp C,24.8,T4TTemp C,24.7,T5TTemp C,24.8,T6TTemp C,24.5,T7TTemp C,24.6,T8TTemp C,24.4,T9TTemp C,24.5,T10TTemp C,9999,T11TTemp C,9999,T12TTemp C
2170,3/10/26,12:16:46,24.5,T1TTemp C,24.4,T2TTemp C,24.3,T3TTemp C,24.8,T4TTemp C,24.7,T5TTemp C,24.8,T6TTemp C,24.5,T7TTemp C,24.6,T8TTemp C,24.4,T9TTemp C,24.5,T10TTemp C,9999,T11TTemp C,9999,T12TTemp C
2171,3/10/26,12:16:47,24.5,T1TTemp C,24.4,T2TTemp C,24.3,T3TTemp C,24.8,T4TTemp C,24.7,T5TTemp C,24.8,T6TTemp C,24.5,T7TTemp C,24.6,T8TTemp C,24.4,T9TTemp C,24.5,T10TTemp C,9999,T11TTemp C,9999,T12TTemp C
2172,3/10/26,12:16:48,24.5,T1TTemp C,24.4,T2TTemp C,24.3,T3TTemp C,24.8,T4TTemp C,24.7,T5TTemp C,24.8,T6TTemp C,24.5,T7TTemp C,24.6,T8TTemp C,24.4,T9TTemp C,24.5,T10TTemp C,9999,T11TTemp C,9999,T12TTemp C
2173,3/10/26,12:16:49,24.5,T1TTemp C,24.3,T2TTemp C,24.3,T3TTemp C,24.8,T4TTemp C,24.7,T5TTemp C,24.8,T6TTemp C,24.5,T7TTemp C,24.6,T8TTemp C,24.4,T9TTemp C,24.5,T10TTemp C,9999,T11TTemp C,9999,T12TTemp C
2174,3/10/26,12:16:50,24.4,T1TTemp C,24.3,T2TTemp C,24.3,T3TTemp C,24.8,T4TTemp C,24.7,T5TTemp C,24.8,T6TTemp C,24.5,T7TTemp C,24.6,T8TTemp C,24.4,T9TTemp C,24.5,T10TTemp C,9999,T11TTemp C,9999,T12TTemp C
2175,3/10/26,12:16:51,24.4,T1TTemp C,24.3,T2TTemp C,24.3,T3TTemp C,24.8,T4TTemp C,24.7,T5TTemp C,24.8,T6TTemp C,24.5,T7TTemp C,24.6,T8TTemp C,24.4,T9TTemp C,24.5,T10TTemp C,9999,T11TTemp C,9999,T12TTemp C
2176,3/10/26,12:16:52,24.4,T1TTemp C,24.3,T2TTemp C,24.3,T3TTemp C,24.8,T4TTemp C,24.7,T5TTemp C,24.8,T6TTemp C,24.5,T7TTemp C,24.6,T8TTemp C,24.4,T9TTemp C,24.5,T10TTemp C,9999,T11TTemp C,9999,T12TTemp C
2177,3/10/26,12:16:53,24.4,T1TTemp C,24.3,T2TTemp C,24.3,T3TTemp C,24.8,T4TTemp C,24.7,T5TTemp C,24.8,T6TTemp C,24.5,T7TTemp C,24.6,T8TTemp C,24.4,T9TTemp C,24.5,T10TTemp C,9999,T11TTemp C,9999,T12TTemp C
2178,3/10/26,12:16:54,24.3,T1TTemp C,24.4,T2TTemp C,24.4,T3TTemp C,24.8,T4TTemp C,24.7,T5TTemp C,24.8,T6TTemp C,24.5,T7TTemp C,24.6,T8TTemp C,24.4,T9TTemp C,24.5,T10TTemp C,9999,T11TTemp C,9999,T12TTemp C
Place,Date,Time,Value,Unit,Value,Unit,Value,Unit,Value,Unit,Value,Unit,Value,Unit,Value,Unit,Value,Unit,Value,Unit,Value,Unit,Value,Unit,Value,Unit
2179,3/10/26,12:17:11,23.2,T1TTemp C,22.5,T2TTemp C,23.9,T3TTemp C,24.6,T4TTemp C,24.7,T5TTemp C,24.8,T6TTemp C,24.5,T7TTemp C,24.6,T8TTemp C,24.3,T9TTemp C,24.5,T10TTemp C,9999,T11TTemp C,9999,T12TTemp C
2180,3/10/26,12:17:12,23.2,T1TTemp C,22.5,T2TTemp C,23.8,T3TTemp C,24.6,T4TTemp C,24.7,T5TTemp C,24.8,T6TTemp C,24.5,T7TTemp C,24.6,T8TTemp C,24.3,T9TTemp C,24.5,T10TTemp C,9999,T11TTemp C,9999,T12TTemp C
2181,3/10/26,12:17:13,22.4,T1TTemp C,22.5,T2TTemp C,23.8,T3TTemp C,24.6,T4TTemp C,24.7,T5TTemp C,24.8,T6TTemp C,24.5,T7TTemp C,24.6,T8TTemp C,24.3,T9TTemp C,24.5,T10TTemp C,9999,T11TTemp C,9999,T12TTemp C
2182,3/10/26,12:17:14,22.4,T1TTemp C,22.5,T2TTemp C,23.6,T3TTemp C,24.5,T4TTemp C,24.7,T5TTemp C,24.8,T6TTemp C,24.5,T7TTemp C,24.6,T8TTemp C,24.3,T9TTemp C,24.5,T10TTemp C,9999,T11TTemp C,9999,T12TTemp C
2183,3/10/26,12:17:15,22.4,T1TTemp C,22.5,T2TTemp C,23.6,T3TTemp C,24.5,T4TTemp C,24.6,T5TTemp C,24.8,T6TTemp C,24.5,T7TTemp C,24.6,T8TTemp C,24.3,T9TTemp C,24.5,T10TTemp C,9999,T11TTemp C,9999,T12TTemp C
2184,3/10/26,12:17:16,22.4,T1TTemp C,22.5,T2TTemp C,23.3,T3TTemp C,24.4,T4TTemp C,24.6,T5TTemp C,24.8,T6TTemp C,24.5,T7TTemp C,24.6,T8TTemp C,24.3,T9TTemp C,24.5,T10TTemp C,9999,T11TTemp C,9999,T12TTemp C
2185,3/10/26,12:17:17,22.4,T1TTemp C,22.4,T2TTemp C,23.2,T3TTemp C,24.4,T4TTemp C,24.6,T5TTemp C,24.8,T6TTemp C,24.5,T7TTemp C,24.6,T8TTemp C,24.3,T9TTemp C,24.5,T10TTemp C,9999,T11TTemp C,9999,T12TTemp C
2186,3/10/26,12:17:18,22.4,T1TTemp C,22.4,T2TTemp C,23.2,T3TTemp C,24.4,T4TTemp C,24.6,T5TTemp C,24.8,T6TTemp C,24.5,T7TTemp C,24.6,T8TTemp C,24.3,T9TTemp C,24.5,T10TTemp C,9999,T11TTemp C,9999,T12TTemp C
2187,3/10/26,12:17:19,22.4,T1TTemp C,22.3,T2TTemp C,23,T3TTemp C,24.4,T4TTemp C,24.7,T5TTemp C,24.8,T6TTemp C,24.5,T7TTemp C,24.6,T8TTemp C,24.3,T9TTemp C,24.5,T10TTemp C,9999,T11TTemp C,9999,T12TTemp C
2188,3/10/26,12:17:20,22.3,T1TTemp C,22.3,T2TTemp C,23,T3TTemp C,24.4,T4TTemp C,24.7,T5TTemp C,24.8,T6TTemp C,24.5,T7TTemp C,24.6,T8TTemp C,24.3,T9TTemp C,24.5,T10TTemp C,9999,T11TTemp C,9999,T12TTemp C
2189,3/10/26,12:17:21,22.3,T1TTemp C,22.1,T2TTemp C,22.9,T3TTemp C,24.4,T4TTemp C,24.7,T5TTemp C,24.8,T6TTemp C,24.5,T7TTemp C,24.6,T8TTemp C,24.3,T9TTemp C,24.5,T10TTemp C,9999,T11TTemp C,9999,T12TTemp C
2190,3/10/26,12:17:22,22.3,T1TTemp C,22,T2TTemp C,22.9,T3TTemp C,24.4,T4TTemp C,24.7,T5TTemp C,24.8,T6TTemp C,24.5,T7TTemp C,24.6,T8TTemp C,24.3,T9TTemp C,24.5,T10TTemp C,9999,T11TTemp C,9999,T12TTemp C
2191,3/10/26,12:17:23,22.3,T1TTemp C,22,T2TTemp C,22.8,T3TTemp C,24.4,T4TTemp C,24.7,T5TTemp C,24.8,T6TTemp C,24.5,T7TTemp C,24.6,T8TTemp C,24.3,T9TTemp C,24.5,T10TTemp C,9999,T11TTemp C,9999,T12TTemp C
2192,3/10/26,12:17:24,22.1,T1TTemp C,21.9,T2TTemp C,22.8,T3TTemp C,24.4,T4TTemp C,24.7,T5TTemp C,24.8,T6TTemp C,24.5,T7TTemp C,24.6,T8TTemp C,24.3,T9TTemp C,24.5,T10TTemp C,9999,T11TTemp C,9999,T12TTemp C
2193,3/10/26,12:17:25,22.1,T1TTemp C,21.9,T2TTemp C,22.8,T3TTemp C,24.5,T4TTemp C,24.7,T5TTemp C,24.8,T6TTemp C,24.5,T7TTemp C,24.6,T8TTemp C,24.3,T9TTemp C,24.5,T10TTemp C,9999,T11TTemp C,9999,T12TTemp C
2194,3/10/26,12:17:26,22.1,T1TTemp C,21.7,T2TTemp C,22.8,T3TTemp C,24.5,T4TTemp C,24.7,T5TTemp C,24.8,T6TTemp C,24.5,T7TTemp C,24.6,T8TTemp C,24.3,T9TTemp C,24.5,T10TTemp C,9999,T11TTemp C,9999,T12TTemp C
2195,3/10/26,12:17:27,21.9,T1TTemp C,21.7,T2TTemp C,22.8,T3TTemp C,24.5,T4TTemp C,24.7,T5TTemp C,24.8,T6TTemp C,24.5,T7TTemp C,24.6,T8TTemp C,24.3,T9TTemp C,24.5,T10TTemp C,9999,T11TTemp C,9999,T12TTemp C
2196,3/10/26,12:17:28,21.9,T1TTemp C,21.9,T2TTemp C,22.9,T3TTemp C,24.4,T4TTemp C,24.7,T5TTemp C,24.8,T6TTemp C,24.5,T7TTemp C,24.6,T8TTemp C,24.3,T9TTemp C,24.5,T10TTemp C,9999,T11TTemp C,9999,T12TTemp C
2197,3/10/26,12:17:29,21.9,T1TTemp C,21.9,T2TTemp C,22.9,T3TTemp C,24.4,T4TTemp C,24.6,T5TTemp C,24.8,T6TTemp C,24.5,T7TTemp C,24.6,T8TTemp C,24.3,T9TTemp C,24.5,T10TTemp C,9999,T11TTemp C,9999,T12TTemp C
2198,3/10/26,12:17:30,21.9,T1TTemp C,21.9,T2TTemp C,23.1,T3TTemp C,24.4,T4TTemp C,24.6,T5TTemp C,24.8,T6TTemp C,24.5,T7TTemp C,24.6,T8TTemp C,24.3,T9TTemp C,24.5,T10TTemp C,9999,T11TTemp C,9999,T12TTemp C
2199,3/10/26,12:17:31,20.5,T1TTemp C,21.9,T2TTemp C,23.2,T3TTemp C,24.4,T4TTemp C,24.6,T5TTemp C,24.8,T6TTemp C,24.5,T7TTemp C,24.6,T8TTemp C,24.3,T9TTemp C,24.5,T10TTemp C,9999,T11TTemp C,9999,T12TTemp C
2200,3/10/26,12:17:32,20.5,T1TTemp C,21.9,T2TTemp C,23.2,T3TTemp C,24.4,T4TTemp C,24.6,T5TTemp C,24.8,T6TTemp C,24.5,T7TTemp C,24.6,T8TTemp C,24.3,T9TTemp C,24.5,T10TTemp C,9999,T11TTemp C,9999,T12TTemp C
2201,3/10/26,12:17:33,20.5,T1TTemp C,21.9,T2TTemp C,23.3,T3TTemp C,24.5,T4TTemp C,24.6,T5TTemp C,24.8,T6TTemp C,24.5,T7TTemp C,24.6,T8TTemp C,24.3,T9TTemp C,24.5,T10TTemp C,9999,T11TTemp C,9999,T12TTemp C
2202,3/10/26,12:17:34,20.5,T1TTemp C,21.9,T2TTemp C,23.3,T3TTemp C,24.5,T4TTemp C,24.6,T5TTemp C,24.8,T6TTemp C,24.5,T7TTemp C,24.6,T8TTemp C,24.3,T9TTemp C,24.5,T10TTemp C,9999,T11TTemp C,9999,T12TTemp C
2203,3/10/26,12:17:35,20.5,T1TTemp C,21.2,T2TTemp C,23.2,T3TTemp C,24.5,T4TTemp C,24.6,T5TTemp C,24.8,T6TTemp C,24.5,T7TTemp C,24.6,T8TTemp C,24.3,T9TTemp C,24.5,T10TTemp C,9999,T11TTemp C,9999,T12TTemp C
2204,3/10/26,12:17:36,20.5,T1TTemp C,21.2,T2TTemp C,23.2,T3TTemp C,24.5,T4TTemp C,24.7,T5TTemp C,24.9,T6TTemp C,24.5,T7TTemp C,24.6,T8TTemp C,24.3,T9TTemp C,24.5,T10TTemp C,9999,T11TTemp C,9999,T12TTemp C
2205,3/10/26,12:17:37,20.5,T1TTemp C,21.2,T2TTemp C,23.1,T3TTemp C,24.5,T4TTemp C,24.7,T5TTemp C,24.9,T6TTemp C,24.6,T7TTemp C,24.7,T8TTemp C,24.4,T9TTemp C,24.6,T10TTemp C,9999,T11TTemp C,9999,T12TTemp C
2206,3/10/26,12:17:38,20.5,T1TTemp C,21.2,T2TTemp C,23,T3TTemp C,24.5,T4TTemp C,24.7,T5TTemp C,24.9,T6TTemp C,24.6,T7TTemp C,24.7,T8TTemp C,24.4,T9TTemp C,24.6,T10TTemp C,9999,T11TTemp C,9999,T12TTemp C
2207,3/10/26,12:17:39,20.5,T1TTemp C,21.2,T2TTemp C,23,T3TTemp C,24.4,T4TTemp C,24.7,T5TTemp C,24.9,T6TTemp C,24.6,T7TTemp C,24.7,T8TTemp C,24.4,T9TTemp C,24.6,T10TTemp C,9999,T11TTemp C,9999,T12TTemp C
Place,Date,Time,Value,Unit,Value,Unit,Value,Unit,Value,Unit,Value,Unit,Value,Unit,Value,Unit,Value,Unit,Value,Unit,Value,Unit,Value,Unit,Value,Unit
2208,3/10/26,12:18:10,19.4,T1TTemp C,20,T2TTemp C,22,T3TTemp C,24.1,T4TTemp C,24.6,T5TTemp C,24.9,T6TTemp C,24.5,T7TTemp C,24.7,T8TTemp C,24.4,T9TTemp C,24.6,T10TTemp C,9999,T11TTemp C,9999,T12TTemp C
2209,3/10/26,12:18:11,19.4,T1TTemp C,20,T2TTemp C,22.1,T3TTemp C,24.1,T4TTemp C,24.6,T5TTemp C,24.9,T6TTemp C,24.5,T7TTemp C,24.7,T8TTemp C,24.4,T9TTemp C,24.6,T10TTemp C,9999,T11TTemp C,9999,T12TTemp C
2210,3/10/26,12:18:12,19.4,T1TTemp C,20,T2TTemp C,22.1,T3TTemp C,24.2,T4TTemp C,24.6,T5TTemp C,24.9,T6TTemp C,24.5,T7TTemp C,24.7,T8TTemp C,24.4,T9TTemp C,24.6,T10TTemp C,9999,T11TTemp C,9999,T12TTemp C
2211,3/10/26,12:18:13,19.3,T1TTemp C,20,T2TTemp C,22.1,T3TTemp C,24.2,T4TTemp C,24.6,T5TTemp C,24.9,T6TTemp C,24.5,T7TTemp C,24.7,T8TTemp C,24.4,T9TTemp C,24.6,T10TTemp C,9999,T11TTemp C,9999,T12TTemp C
2212,3/10/26,12:18:14,19.3,T1TTemp C,20,T2TTemp C,22.1,T3TTemp C,24.2,T4TTemp C,24.6,T5TTemp C,24.9,T6TTemp C,24.5,T7TTemp C,24.7,T8TTemp C,24.4,T9TTemp C,24.6,T10TTemp C,9999,T11TTemp C,9999,T12TTemp C
2213,3/10/26,12:18:15,19.3,T1TTemp C,19.9,T2TTemp C,22.2,T3TTemp C,24.2,T4TTemp C,24.6,T5TTemp C,24.9,T6TTemp C,24.5,T7TTemp C,24.7,T8TTemp C,24.4,T9TTemp C,24.6,T10TTemp C,9999,T11TTemp C,9999,T12TTemp C
2214,3/10/26,12:18:16,19.3,T1TTemp C,19.9,T2TTemp C,22.2,T3TTemp C,24.2,T4TTemp C,24.6,T5TTemp C,24.9,T6TTemp C,24.5,T7TTemp C,24.7,T8TTemp C,24.4,T9TTemp C,24.6,T10TTemp C,9999,T11TTemp C,9999,T12TTemp C
2215,3/10/26,12:18:17,19.3,T1TTemp C,19.9,T2TTemp C,22.2,T3TTemp C,24.2,T4TTemp C,24.6,T5TTemp C,24.9,T6TTemp C,24.5,T7TTemp C,24.7,T8TTemp C,24.4,T9TTemp C,24.6,T10TTemp C,9999,T11TTemp C,9999,T12TTemp C
2216,3/10/26,12:18:18,19.4,T1TTemp C,19.9,T2TTemp C,22.4,T3TTemp C,24.2,T4TTemp C,24.6,T5TTemp C,24.9,T6TTemp C,24.5,T7TTemp C,24.7,T8TTemp C,24.4,T9TTemp C,24.6,T10TTemp C,9999,T11TTemp C,9999,T12TTemp C
2217,3/10/26,12:18:19,19.4,T1TTemp C,19.9,T2TTemp C,22.4,T3TTemp C,24.2,T4TTemp C,24.6,T5TTemp C,24.9,T6TTemp C,24.5,T7TTemp C,24.7,T8TTemp C,24.4,T9TTemp C,24.6,T10TTemp C,9999,T11TTemp C,9999,T12TTemp C
2218,3/10/26,12:18:20,19.4,T1TTemp C,20,T2TTemp C,22.4,T3TTemp C,24.2,T4TTemp C,24.6,T5TTemp C,24.9,T6TTemp C,24.5,T7TTemp C,24.7,T8TTemp C,24.4,T9TTemp C,24.6,T10TTemp C,9999,T11TTemp C,9999,T12TTemp C
2219,3/10/26,12:18:21,18.8,T1TTemp C,20,T2TTemp C,22.4,T3TTemp C,24.2,T4TTemp C,24.6,T5TTemp C,24.9,T6TTemp C,24.5,T7TTemp C,24.7,T8TTemp C,24.4,T9TTemp C,24.6,T10TTemp C,9999,T11TTemp C,9999,T12TTemp C
2220,3/10/26,12:18:22,18.8,T1TTemp C,19.9,T2TTemp C,21.7,T3TTemp C,24.2,T4TTemp C,24.6,T5TTemp C,24.9,T6TTemp C,24.5,T7TTemp C,24.7,T8TTemp C,24.4,T9TTemp C,24.6,T10TTemp C,9999,T11TTemp C,9999,T12TTemp C
2221,3/10/26,12:18:23,19.4,T1TTemp C,19.9,T2TTemp C,21.7,T3TTemp C,24.2,T4TTemp C,24.5,T5TTemp C,24.9,T6TTemp C,24.5,T7TTemp C,24.7,T8TTemp C,24.4,T9TTemp C,24.6,T10TTemp C,9999,T11TTemp C,9999,T12TTemp C
2222,3/10/26,12:18:24,19.4,T1TTemp C,19.9,T2TTemp C,21.7,T3TTemp C,24.1,T4TTemp C,24.5,T5TTemp C,24.9,T6TTemp C,24.5,T7TTemp C,24.7,T8TTemp C,24.4,T9TTemp C,24.6,T10TTemp C,9999,T11TTemp C,9999,T12TTemp C
2223,3/10/26,12:18:25,19.4,T1TTemp C,19.9,T2TTemp C,21.7,T3TTemp C,24.1,T4TTemp C,24.5,T5TTemp C,24.9,T6TTemp C,24.5,T7TTemp C,24.7,T8TTemp C,24.4,T9TTemp C,24.6,T10TTemp C,9999,T11TTemp C,9999,T12TTemp C
2224,3/10/26,12:18:26,19.4,T1TTemp C,19.9,T2TTemp C,21.7,T3TTemp C,24.1,T4TTemp C,24.5,T5TTemp C,24.9,T6TTemp C,24.5,T7TTemp C,24.7,T8TTemp C,24.4,T9TTemp C,24.6,T10TTemp C,9999,T11TTemp C,9999,T12TTemp C
2225,3/10/26,12:18:27,19.4,T1TTemp C,19.9,T2TTemp C,21.7,T3TTemp C,24,T4TTemp C,24.5,T5TTemp C,24.9,T6TTemp C,24.5,T7TTemp C,24.7,T8TTemp C,24.4,T9TTemp C,24.6,T10TTemp C,9999,T11TTemp C,9999,T12TTemp C
2226,3/10/26,12:18:28,19.4,T1TTemp C,19.9,T2TTemp C,21.7,T3TTemp C,24,T4TTemp C,24.4,T5TTemp C,24.9,T6TTemp C,24.5,T7TTemp C,24.7,T8TTemp C,24.4,T9TTemp C,24.6,T10TTemp C,9999,T11TTemp C,9999,T12TTemp C
2227,3/10/26,12:18:29,19.4,T1TTemp C,19.8,T2TTemp C,21.6,T3TTemp C,24,T4TTemp C,24.4,T5TTemp C,24.9,T6TTemp C,24.5,T7TTemp C,24.7,T8TTemp C,24.4,T9TTemp C,24.6,T10TTemp C,9999,T11TTemp C,9999,T12TTemp C
2228,3/10/26,12:18:30,20.2,T1TTemp C,19.7,T2TTemp C,21.6,T3TTemp C,24,T4TTemp C,24.4,T5TTemp C,24.9,T6TTemp C,24.5,T7TTemp C,24.7,T8TTemp C,24.4,T9TTemp C,24.6,T10TTemp C,9999,T11TTemp C,9999,T12TTemp C
2229,3/10/26,12:18:31,20.2,T1TTemp C,19.7,T2TTemp C,21.5,T3TTemp C,23.9,T4TTemp C,24.4,T5TTemp C,24.9,T6TTemp C,24.5,T7TTemp C,24.7,T8TTemp C,24.4,T9TTemp C,24.6,T10TTemp C,9999,T11TTemp C,9999,T12TTemp C
2230,3/10/26,12:18:32,20.2,T1TTemp C,19.5,T2TTemp C,21.5,T3TTemp C,23.9,T4TTemp C,24.4,T5TTemp C,24.9,T6TTemp C,24.5,T7TTemp C,24.7,T8TTemp C,24.4,T9TTemp C,24.6,T10TTemp C,9999,T11TTemp C,9999,T12TTemp C
2231,3/10/26,12:18:33,20.2,T1TTemp C,19.5,T2TTemp C,21.5,T3TTemp C,23.9,T4TTemp C,24.4,T5TTemp C,24.9,T6TTemp C,24.5,T7TTemp C,24.7,T8TTemp C,24.4,T9TTemp C,24.6,T10TTemp C,9999,T11TTemp C,9999,T12TTemp C
2232,3/10/26,12:18:34,20.9,T1TTemp C,19.4,T2TTemp C,21.5,T3TTemp C,23.9,T4TTemp C,24.4,T5TTemp C,24.9,T6TTemp C,24.5,T7TTemp C,24.7,T8TTemp C,24.4,T9TTemp C,24.6,T10TTemp C,9999,T11TTemp C,9999,T12TTemp C
2233,3/10/26,12:18:35,20.9,T1TTemp C,19.4,T2TTemp C,21.5,T3TTemp C,23.9,T4TTemp C,24.4,T5TTemp C,24.9,T6TTemp C,24.5,T7TTemp C,24.7,T8TTemp C,24.4,T9TTemp C,24.6,T10TTemp C,9999,T11TTemp C,9999,T12TTemp C
2234,3/10/26,12:18:36,20.9,T1TTemp C,19.4,T2TTemp C,21.6,T3TTemp C,23.9,T4TTemp C,24.4,T5TTemp C,24.9,T6TTemp C,24.5,T7TTemp C,24.7,T8TTemp C,24.4,T9TTemp C,24.6,T10TTemp C,9999,T11TTemp C,9999,T12TTemp C
2235,3/10/26,12:18:37,20,T1TTemp C,19.4,T2TTemp C,21.6,T3TTemp C,23.9,T4TTemp C,24.4,T5TTemp C,24.9,T6TTemp C,24.5,T7TTemp C,24.7,T8TTemp C,24.4,T9TTemp C,24.6,T10TTemp C,9999,T11TTemp C,9999,T12TTemp C
2236,3/10/26,12:18:38,20,T1TTemp C,19.4,T2TTemp C,21.7,T3TTemp C,23.9,T4TTemp C,24.4,T5TTemp C,24.9,T6TTemp C,24.5,T7TTemp C,24.7,T8TTemp C,24.4,T9TTemp C,24.6,T10TTemp C,9999,T11TTemp C,9999,T12TTemp C
2237,3/10/26,12:18:39,20,T1TTemp C,19.4,T2TTemp C,21.8,T3TTemp C,23.9,T4TTemp C,24.5,T5TTemp C,24.9,T6TTemp C,24.5,T7TTemp C,24.7,T8TTemp C,24.4,T9TTemp C,24.6,T10TTemp C,9999,T11TTemp C,9999,T12TTemp C
2238,3/10/26,12:18:40,20,T1TTemp C,19.4,T2TTemp C,21.8,T3TTemp C,24,T4TTemp C,24.5,T5TTemp C,24.9,T6TTemp C,24.5,T7TTemp C,24.7,T8TTemp C,24.4,T9TTemp C,24.6,T10TTemp C,9999,T11TTemp C,9999,T12TTemp C
2239,3/10/26,12:18:41,19.2,T1TTemp C,19.4,T2TTemp C,21.9,T3TTemp C,24,T4TTemp C,24.5,T5TTemp C,24.9,T6TTemp C,24.5,T7TTemp C,24.7,T8TTemp C,24.4,T9TTemp C,24.6,T10TTemp C,9999,T11TTemp C,9999,T12TTemp C
Place,Date,Time,Value,Unit,Value,Unit,Value,Unit,Value,Unit,Value,Unit,Value,Unit,Value,Unit,Value,Unit,Value,Unit,Value,Unit,Value,Unit,Value,Unit
2240,3/10/26,12:19:10,18.9,T1TTemp C,19.6,T2TTemp C,22.6,T3TTemp C,24.2,T4TTemp C,24.6,T5TTemp C,24.8,T6TTemp C,24.5,T7TTemp C,24.7,T8TTemp C,24.3,T9TTemp C,24.5,T10TTemp C,9999,T11TTemp C,9999,T12TTemp C
2241,3/10/26,12:19:11,18.9,T1TTemp C,19.5,T2TTemp C,22.6,T3TTemp C,24.2,T4TTemp C,24.6,T5TTemp C,24.8,T6TTemp C,24.5,T7TTemp C,24.7,T8TTemp C,24.3,T9TTemp C,24.5,T10TTemp C,9999,T11TTemp C,9999,T12TTemp C
2242,3/10/26,12:19:12,18.9,T1TTemp C,19.5,T2TTemp C,22.6,T3TTemp C,24.2,T4TTemp C,24.5,T5TTemp C,24.8,T6TTemp C,24.5,T7TTemp C,24.7,T8TTemp C,24.3,T9TTemp C,24.5,T10TTemp C,9999,T11TTemp C,9999,T12TTemp C
2243,3/10/26,12:19:13,18.7,T1TTemp C,19.5,T2TTemp C,22.6,T3TTemp C,24.1,T4TTemp C,24.5,T5TTemp C,24.8,T6TTemp C,24.5,T7TTemp C,24.7,T8TTemp C,24.3,T9TTemp C,24.5,T10TTemp C,9999,T11TTemp C,9999,T12TTemp C
2244,3/10/26,12:19:14,18.7,T1TTemp C,19.5,T2TTemp C,22.6,T3TTemp C,24.1,T4TTemp C,24.5,T5TTemp C,24.8,T6TTemp C,24.5,T7TTemp C,24.7,T8TTemp C,24.3,T9TTemp C,24.5,T10TTemp C,9999,T11TTemp C,9999,T12TTemp C
2245,3/10/26,12:19:15,18.7,T1TTemp C,19.4,T2TTemp C,22.4,T3TTemp C,24.1,T4TTemp C,24.5,T5TTemp C,24.8,T6TTemp C,24.5,T7TTemp C,24.7,T8TTemp C,24.3,T9TTemp C,24.5,T10TTemp C,9999,T11TTemp C,9999,T12TTemp C
2246,3/10/26,12:19:16,18.6,T1TTemp C,19.4,T2TTemp C,22.4,T3TTemp C,24.1,T4TTemp C,24.5,T5TTemp C,24.8,T6TTemp C,24.5,T7TTemp C,24.7,T8TTemp C,24.3,T9TTemp C,24.5,T10TTemp C,9999,T11TTemp C,9999,T12TTemp C
2247,3/10/26,12:19:17,18.6,T1TTemp C,19.4,T2TTemp C,22.3,T3TTemp C,24,T4TTemp C,24.5,T5TTemp C,24.8,T6TTemp C,24.5,T7TTemp C,24.7,T8TTemp C,24.3,T9TTemp C,24.5,T10TTemp C,9999,T11TTemp C,9999,T12TTemp C
2248,3/10/26,12:19:18,18.7,T1TTemp C,19.3,T2TTemp C,22.2,T3TTemp C,24,T4TTemp C,24.5,T5TTemp C,24.8,T6TTemp C,24.5,T7TTemp C,24.7,T8TTemp C,24.3,T9TTemp C,24.5,T10TTemp C,9999,T11TTemp C,9999,T12TTemp C
2249,3/10/26,12:19:19,18.7,T1TTemp C,19.3,T2TTemp C,22.2,T3TTemp C,24,T4TTemp C,24.4,T5TTemp C,24.8,T6TTemp C,24.5,T7TTemp C,24.7,T8TTemp C,24.3,T9TTemp C,24.5,T10TTemp C,9999,T11TTemp C,9999,T12TTemp C
2250,3/10/26,12:19:20,18.9,T1TTemp C,19.3,T2TTemp C,22,T3TTemp C,24,T4TTemp C,24.4,T5TTemp C,24.9,T6TTemp C,24.5,T7TTemp C,24.7,T8TTemp C,24.3,T9TTemp C,24.5,T10TTemp C,9999,T11TTemp C,9999,T12TTemp C
2251,3/10/26,12:19:21,19,T1TTemp C,19.3,T2TTemp C,22,T3TTemp C,24,T4TTemp C,24.4,T5TTemp C,24.8,T6TTemp C,24.5,T7TTemp C,24.7,T8TTemp C,24.3,T9TTemp C,24.5,T10TTemp C,9999,T11TTemp C,9999,T12TTemp C
2252,3/10/26,12:19:22,19,T1TTemp C,19.2,T2TTemp C,22,T3TTemp C,24,T4TTemp C,24.4,T5TTemp C,24.8,T6TTemp C,24.5,T7TTemp C,24.7,T8TTemp C,24.3,T9TTemp C,24.5,T10TTemp C,9999,T11TTemp C,9999,T12TTemp C
2253,3/10/26,12:19:23,19.1,T1TTemp C,19.2,T2TTemp C,22,T3TTemp C,24,T4TTemp C,24.4,T5TTemp C,24.8,T6TTemp C,24.5,T7TTemp C,24.7,T8TTemp C,24.3,T9TTemp C,24.5,T10TTemp C,9999,T11TTemp C,9999,T12TTemp C
2254,3/10/26,12:19:24,19.1,T1TTemp C,19.2,T2TTemp C,22,T3TTemp C,24,T4TTemp C,24.4,T5TTemp C,24.8,T6TTemp C,24.5,T7TTemp C,24.7,T8TTemp C,24.3,T9TTemp C,24.5,T10TTemp C,9999,T11TTemp C,9999,T12TTemp C
2255,3/10/26,12:19:25,18.5,T1TTemp C,19.3,T2TTemp C,22.1,T3TTemp C,24,T4TTemp C,24.4,T5TTemp C,24.8,T6TTemp C,24.5,T7TTemp C,24.7,T8TTemp C,24.3,T9TTemp C,24.5,T10TTemp C,9999,T11TTemp C,9999,T12TTemp C
2256,3/10/26,12:19:26,18.5,T1TTemp C,19.3,T2TTemp C,22.1,T3TTemp C,24,T4TTemp C,24.5,T5TTemp C,24.8,T6TTemp C,24.5,T7TTemp C,24.7,T8TTemp C,24.3,T9TTemp C,24.5,T10TTemp C,9999,T11TTemp C,9999,T12TTemp C
2257,3/10/26,12:19:27,18.5,T1TTemp C,19.3,T2TTemp C,22.2,T3TTemp C,24,T4TTemp C,24.5,T5TTemp C,24.8,T6TTemp C,24.5,T7TTemp C,24.7,T8TTemp C,24.3,T9TTemp C,24.5,T10TTemp C,9999,T11TTemp C,9999,T12TTemp C
2258,3/10/26,12:19:28,18.5,T1TTemp C,19.3,T2TTemp C,22.2,T3TTemp C,24,T4TTemp C,24.5,T5TTemp C,24.8,T6TTemp C,24.5,T7TTemp C,24.7,T8TTemp C,24.3,T9TTemp C,24.5,T10TTemp C,9999,T11TTemp C,9999,T12TTemp C
2259,3/10/26,12:19:29,18.5,T1TTemp C,19.2,T2TTemp C,22.3,T3TTemp C,23.9,T4TTemp C,24.5,T5TTemp C,24.8,T6TTemp C,24.5,T7TTemp C,24.7,T8TTemp C,24.3,T9TTemp C,24.5,T10TTemp C,9999,T11TTemp C,9999,T12TTemp C
2260,3/10/26,12:19:30,18.5,T1TTemp C,19.2,T2TTemp C,22.3,T3TTemp C,23.9,T4TTemp C,24.4,T5TTemp C,24.8,T6TTemp C,24.5,T7TTemp C,24.7,T8TTemp C,24.3,T9TTemp C,24.5,T10TTemp C,9999,T11TTemp C,9999,T12TTemp C
2261,3/10/26,12:19:31,18.5,T1TTemp C,19.2,T2TTemp C,22.4,T3TTemp C,23.9,T4TTemp C,24.4,T5TTemp C,24.8,T6TTemp C,24.5,T7TTemp C,24.7,T8TTemp C,24.3,T9TTemp C,24.5,T10TTemp C,9999,T11TTemp C,9999,T12TTemp C
2262,3/10/26,12:19:32,18.4,T1TTemp C,19.2,T2TTemp C,22.6,T3TTemp C,23.9,T4TTemp C,24.5,T5TTemp C,24.8,T6TTemp C,24.5,T7TTemp C,24.7,T8TTemp C,24.3,T9TTemp C,24.5,T10TTemp C,9999,T11TTemp C,9999,T12TTemp C
2263,3/10/26,12:19:33,18.4,T1TTemp C,19.2,T2TTemp C,22.6,T3TTemp C,23.9,T4TTemp C,24.5,T5TTemp C,24.8,T6TTemp C,24.5,T7TTemp C,24.7,T8TTemp C,24.3,T9TTemp C,24.5,T10TTemp C,9999,T11TTemp C,9999,T12TTemp C
2264,3/10/26,12:19:34,18.3,T1TTemp C,19.2,T2TTemp C,22.7,T3TTemp C,23.9,T4TTemp C,24.5,T5TTemp C,24.8,T6TTemp C,24.5,T7TTemp C,24.7,T8TTemp C,24.3,T9TTemp C,24.5,T10TTemp C,9999,T11TTemp C,9999,T12TTemp C
2265,3/10/26,12:19:35,18.2,T1TTemp C,19.2,T2TTemp C,22.7,T3TTemp C,23.9,T4TTemp C,24.5,T5TTemp C,24.8,T6TTemp C,24.5,T7TTemp C,24.7,T8TTemp C,24.3,T9TTemp C,24.5,T10TTemp C,9999,T11TTemp C,9999,T12TTemp C
2266,3/10/26,12:19:36,18.2,T1TTemp C,20,T2TTemp C,22.8,T3TTemp C,23.9,T4TTemp C,24.5,T5TTemp C,24.8,T6TTemp C,24.5,T7TTemp C,24.7,T8TTemp C,24.3,T9TTemp C,24.5,T10TTemp C,9999,T11TTemp C,9999,T12TTemp C
2267,3/10/26,12:19:37,18.1,T1TTemp C,20,T2TTemp C,22.8,T3TTemp C,23.9,T4TTemp C,24.5,T5TTemp C,24.8,T6TTemp C,24.5,T7TTemp C,24.7,T8TTemp C,24.3,T9TTemp C,24.5,T10TTemp C,9999,T11TTemp C,9999,T12TTemp C
2268,3/10/26,12:19:38,18.1,T1TTemp C,20,T2TTemp C,22.8,T3TTemp C,23.9,T4TTemp C,24.5,T5TTemp C,24.8,T6TTemp C,24.5,T7TTemp C,24.7,T8TTemp C,24.3,T9TTemp C,24.5,T10TTemp C,9999,T11TTemp C,9999,T12TTemp C
2269,3/10/26,12:19:39,18.1,T1TTemp C,20,T2TTemp C,22.7,T3TTemp C,23.9,T4TTemp C,24.5,T5TTemp C,24.8,T6TTemp C,24.5,T7TTemp C,24.7,T8TTemp C,24.3,T9TTemp C,24.5,T10TTemp C,9999,T11TTemp C,9999,T12TTemp C
Place,Date,Time,Value,Unit,Value,Unit,Value,Unit,Value,Unit,Value,Unit,Value,Unit,Value,Unit,Value,Unit,Value,Unit,Value,Unit,Value,Unit,Value,Unit
2270,3/10/26,12:20:10,17.4,T1TTemp C,19.2,T2TTemp C,21.8,T3TTemp C,24.2,T4TTemp C,24.5,T5TTemp C,24.8,T6TTemp C,24.4,T7TTemp C,24.7,T8TTemp C,24.3,T9TTemp C,24.5,T10TTemp C,9999,T11TTemp C,9999,T12TTemp C
2271,3/10/26,12:20:11,17.4,T1TTemp C,19.4,T2TTemp C,21.8,T3TTemp C,24.2,T4TTemp C,24.5,T5TTemp C,24.8,T6TTemp C,24.4,T7TTemp C,24.7,T8TTemp C,24.3,T9TTemp C,24.5,T10TTemp C,9999,T11TTemp C,9999,T12TTemp C
2272,3/10/26,12:20:12,17.4,T1TTemp C,19.4,T2TTemp C,21.8,T3TTemp C,24.1,T4TTemp C,24.5,T5TTemp C,24.8,T6TTemp C,24.4,T7TTemp C,24.7,T8TTemp C,24.3,T9TTemp C,24.5,T10TTemp C,9999,T11TTemp C,9999,T12TTemp C
2273,3/10/26,12:20:13,17.4,T1TTemp C,19.6,T2TTemp C,21.8,T3TTemp C,24.1,T4TTemp C,24.4,T5TTemp C,24.8,T6TTemp C,24.4,T7TTemp C,24.7,T8TTemp C,24.3,T9TTemp C,24.5,T10TTemp C,9999,T11TTemp C,9999,T12TTemp C
2274,3/10/26,12:20:14,17.4,T1TTemp C,19.6,T2TTemp C,21.8,T3TTemp C,24.1,T4TTemp C,24.4,T5TTemp C,24.8,T6TTemp C,24.4,T7TTemp C,24.7,T8TTemp C,24.3,T9TTemp C,24.5,T10TTemp C,9999,T11TTemp C,9999,T12TTemp C
2275,3/10/26,12:20:15,17.4,T1TTemp C,19.7,T2TTemp C,21.8,T3TTemp C,24,T4TTemp C,24.4,T5TTemp C,24.8,T6TTemp C,24.4,T7TTemp C,24.7,T8TTemp C,24.3,T9TTemp C,24.5,T10TTemp C,9999,T11TTemp C,9999,T12TTemp C
2276,3/10/26,12:20:16,17.5,T1TTemp C,19.8,T2TTemp C,21.8,T3TTemp C,24,T4TTemp C,24.4,T5TTemp C,24.8,T6TTemp C,24.4,T7TTemp C,24.7,T8TTemp C,24.3,T9TTemp C,24.5,T10TTemp C,9999,T11TTemp C,9999,T12TTemp C
2277,3/10/26,12:20:17,17.5,T1TTemp C,19.8,T2TTemp C,22,T3TTemp C,24,T4TTemp C,24.4,T5TTemp C,24.8,T6TTemp C,24.4,T7TTemp C,24.7,T8TTemp C,24.3,T9TTemp C,24.5,T10TTemp C,9999,T11TTemp C,9999,T12TTemp C
2278,3/10/26,12:20:18,17.5,T1TTemp C,19.7,T2TTemp C,22.1,T3TTemp C,24,T4TTemp C,24.5,T5TTemp C,24.8,T6TTemp C,24.4,T7TTemp C,24.7,T8TTemp C,24.3,T9TTemp C,24.5,T10TTemp C,9999,T11TTemp C,9999,T12TTemp C
2279,3/10/26,12:20:19,17.5,T1TTemp C,19.7,T2TTemp C,22.1,T3TTemp C,24.1,T4TTemp C,24.5,T5TTemp C,24.8,T6TTemp C,24.4,T7TTemp C,24.7,T8TTemp C,24.3,T9TTemp C,24.5,T10TTemp C,9999,T11TTemp C,9999,T12TTemp C
2280,3/10/26,12:20:20,17.5,T1TTemp C,19.6,T2TTemp C,22.3,T3TTemp C,24.2,T4TTemp C,24.5,T5TTemp C,24.8,T6TTemp C,24.4,T7TTemp C,24.7,T8TTemp C,24.3,T9TTemp C,24.5,T10TTemp C,9999,T11TTemp C,9999,T12TTemp C
2281,3/10/26,12:20:21,17.5,T1TTemp C,19.6,T2TTemp C,22.3,T3TTemp C,24.2,T4TTemp C,24.5,T5TTemp C,24.8,T6TTemp C,24.4,T7TTemp C,24.7,T8TTemp C,24.3,T9TTemp C,24.5,T10TTemp C,9999,T11TTemp C,9999,T12TTemp C
2282,3/10/26,12:20:22,17.5,T1TTemp C,19.4,T2TTemp C,22.3,T3TTemp C,24.3,T4TTemp C,24.5,T5TTemp C,24.8,T6TTemp C,24.4,T7TTemp C,24.7,T8TTemp C,24.3,T9TTemp C,24.5,T10TTemp C,9999,T11TTemp C,9999,T12TTemp C
2283,3/10/26,12:20:23,17.6,T1TTemp C,19.3,T2TTemp C,22.3,T3TTemp C,24.3,T4TTemp C,24.6,T5TTemp C,24.8,T6TTemp C,24.4,T7TTemp C,24.7,T8TTemp C,24.3,T9TTemp C,24.5,T10TTemp C,9999,T11TTemp C,9999,T12TTemp C
2284,3/10/26,12:20:24,17.6,T1TTemp C,19.3,T2TTemp C,22.4,T3TTemp C,24.3,T4TTemp C,24.6,T5TTemp C,24.8,T6TTemp C,24.4,T7TTemp C,24.7,T8TTemp C,24.3,T9TTemp C,24.5,T10TTemp C,9999,T11TTemp C,9999,T12TTemp C
2285,3/10/26,12:20:25,17.6,T1TTemp C,19.3,T2TTemp C,22.5,T3TTemp C,24.3,T4TTemp C,24.6,T5TTemp C,24.8,T6TTemp C,24.4,T7TTemp C,24.7,T8TTemp C,24.3,T9TTemp C,24.5,T10TTemp C,9999,T11TTemp C,9999,T12TTemp C
2286,3/10/26,12:20:26,17.6,T1TTemp C,19.3,T2TTemp C,22.5,T3TTemp C,24.4,T4TTemp C,24.6,T5TTemp C,24.8,T6TTemp C,24.4,T7TTemp C,24.7,T8TTemp C,24.3,T9TTemp C,24.5,T10TTemp C,9999,T11TTemp C,9999,T12TTemp C
2287,3/10/26,12:20:27,17.6,T1TTemp C,19.3,T2TTemp C,22.5,T3TTemp C,24.4,T4TTemp C,24.6,T5TTemp C,24.8,T6TTemp C,24.4,T7TTemp C,24.7,T8TTemp C,24.3,T9TTemp C,24.5,T10TTemp C,9999,T11TTemp C,9999,T12TTemp C
2288,3/10/26,12:20:28,17.5,T1TTemp C,19.3,T2TTemp C,22.5,T3TTemp C,24.4,T4TTemp C,24.6,T5TTemp C,24.8,T6TTemp C,24.4,T7TTemp C,24.7,T8TTemp C,24.3,T9TTemp C,24.5,T10TTemp C,9999,T11TTemp C,9999,T12TTemp C
2289,3/10/26,12:20:29,17.5,T1TTemp C,19.3,T2TTemp C,22.2,T3TTemp C,24.4,T4TTemp C,24.6,T5TTemp C,24.8,T6TTemp C,24.4,T7TTemp C,24.7,T8TTemp C,24.3,T9TTemp C,24.5,T10TTemp C,9999,T11TTemp C,9999,T12TTemp C
2290,3/10/26,12:20:30,17.3,T1TTemp C,19.4,T2TTemp C,22.2,T3TTemp C,24.4,T4TTemp C,24.6,T5TTemp C,24.8,T6TTemp C,24.4,T7TTemp C,24.7,T8TTemp C,24.3,T9TTemp C,24.5,T10TTemp C,9999,T11TTemp C,9999,T12TTemp C
2291,3/10/26,12:20:31,17.3,T1TTemp C,19.4,T2TTemp C,22.2,T3TTemp C,24.4,T4TTemp C,24.6,T5TTemp C,24.8,T6TTemp C,24.4,T7TTemp C,24.7,T8TTemp C,24.3,T9TTemp C,24.5,T10TTemp C,9999,T11TTemp C,9999,T12TTemp C
2292,3/10/26,12:20:32,17.2,T1TTemp C,19.5,T2TTemp C,22.2,T3TTemp C,24.4,T4TTemp C,24.6,T5TTemp C,24.8,T6TTemp C,24.4,T7TTemp C,24.7,T8TTemp C,24.3,T9TTemp C,24.5,T10TTemp C,9999,T11TTemp C,9999,T12TTemp C
2293,3/10/26,12:20:33,17.2,T1TTemp C,19.5,T2TTemp C,22.2,T3TTemp C,24.4,T4TTemp C,24.6,T5TTemp C,24.8,T6TTemp C,24.4,T7TTemp C,24.7,T8TTemp C,24.3,T9TTemp C,24.5,T10TTemp C,9999,T11TTemp C,9999,T12TTemp C
2294,3/10/26,12:20:34,17.2,T1TTemp C,19.7,T2TTemp C,22.2,T3TTemp C,24.4,T4TTemp C,24.6,T5TTemp C,24.8,T6TTemp C,24.4,T7TTemp C,24.7,T8TTemp C,24.3,T9TTemp C,24.5,T10TTemp C,9999,T11TTemp C,9999,T12TTemp C
2295,3/10/26,12:20:35,17.2,T1TTemp C,19.7,T2TTemp C,22.2,T3TTemp C,24.4,T4TTemp C,24.6,T5TTemp C,24.8,T6TTemp C,24.4,T7TTemp C,24.7,T8TTemp C,24.3,T9TTemp C,24.5,T10TTemp C,9999,T11TTemp C,9999,T12TTemp C
2296,3/10/26,12:20:36,17.2,T1TTemp C,19.9,T2TTemp C,22.2,T3TTemp C,24.4,T4TTemp C,24.6,T5TTemp C,24.8,T6TTemp C,24.4,T7TTemp C,24.7,T8TTemp C,24.3,T9TTemp C,24.5,T10TTemp C,9999,T11TTemp C,9999,T12TTemp C
2297,3/10/26,12:20:37,17.3,T1TTemp C,20,T2TTemp C,22.2,T3TTemp C,24.4,T4TTemp C,24.6,T5TTemp C,24.8,T6TTemp C,24.4,T7TTemp C,24.7,T8TTemp C,24.3,T9TTemp C,24.5,T10TTemp C,9999,T11TTemp C,9999,T12TTemp C
2298,3/10/26,12:20:38,17.3,T1TTemp C,20,T2TTemp C,22.3,T3TTemp C,24.4,T4TTemp C,24.6,T5TTemp C,24.8,T6TTemp C,24.4,T7TTemp C,24.7,T8TTemp C,24.3,T9TTemp C,24.5,T10TTemp C,9999,T11TTemp C,9999,T12TTemp C
2299,3/10/26,12:20:39,17.4,T1TTemp C,20,T2TTemp C,22.4,T3TTemp C,24.4,T4TTemp C,24.6,T5TTemp C,24.8,T6TTemp C,24.4,T7TTemp C,24.7,T8TTemp C,24.3,T9TTemp C,24.5,T10TTemp C,9999,T11TTemp C,9999,T12TTemp C
2300,3/10/26,12:20:40,17.4,T1TTemp C,20,T2TTemp C,22.4,T3TTemp C,24.3,T4TTemp C,24.6,T5TTemp C,24.8,T6TTemp C,24.4,T7TTemp C,24.7,T8TTemp C,24.3,T9TTemp C,24.5,T10TTemp C,9999,T11TTemp C,9999,T12TTemp C
Place,Date,Time,Value,Unit,Value,Unit,Value,Unit,Value,Unit,Value,Unit,Value,Unit,Value,Unit,Value,Unit,Value,Unit,Value,Unit,Value,Unit,Value,Unit
2301,3/10/26,12:21:10,19.9,T1TTemp C,21.1,T2TTemp C,22.1,T3TTemp C,24.2,T4TTemp C,24.5,T5TTemp C,24.8,T6TTemp C,24.4,T7TTemp C,24.6,T8TTemp C,24.2,T9TTemp C,24.5,T10TTemp C,9999,T11TTemp C,9999,T12TTemp C
2302,3/10/26,12:21:11,19.9,T1TTemp C,21.1,T2TTemp C,22.2,T3TTemp C,24.2,T4TTemp C,24.5,T5TTemp C,24.8,T6TTemp C,24.4,T7TTemp C,24.6,T8TTemp C,24.2,T9TTemp C,24.5,T10TTemp C,9999,T11TTemp C,9999,T12TTemp C
2303,3/10/26,12:21:12,19.9,T1TTemp C,21.1,T2TTemp C,22.2,T3TTemp C,24.2,T4TTemp C,24.5,T5TTemp C,24.8,T6TTemp C,24.4,T7TTemp C,24.6,T8TTemp C,24.2,T9TTemp C,24.5,T10TTemp C,9999,T11TTemp C,9999,T12TTemp C
2304,3/10/26,12:21:13,19.9,T1TTemp C,21,T2TTemp C,22.3,T3TTemp C,24.2,T4TTemp C,24.5,T5TTemp C,24.8,T6TTemp C,24.4,T7TTemp C,24.6,T8TTemp C,24.2,T9TTemp C,24.5,T10TTemp C,9999,T11TTemp C,9999,T12TTemp C
2305,3/10/26,12:21:14,20,T1TTemp C,21,T2TTemp C,22.3,T3TTemp C,24.2,T4TTemp C,24.5,T5TTemp C,24.8,T6TTemp C,24.4,T7TTemp C,24.6,T8TTemp C,24.2,T9TTemp C,24.5,T10TTemp C,9999,T11TTemp C,9999,T12TTemp C
2306,3/10/26,12:21:15,20,T1TTemp C,21,T2TTemp C,22.3,T3TTemp C,24.2,T4TTemp C,24.5,T5TTemp C,24.8,T6TTemp C,24.4,T7TTemp C,24.6,T8TTemp C,24.2,T9TTemp C,24.5,T10TTemp C,9999,T11TTemp C,9999,T12TTemp C
2307,3/10/26,12:21:16,20.1,T1TTemp C,21,T2TTemp C,22.3,T3TTemp C,24.2,T4TTemp C,24.5,T5TTemp C,24.8,T6TTemp C,24.4,T7TTemp C,24.6,T8TTemp C,24.2,T9TTemp C,24.5,T10TTemp C,9999,T11TTemp C,9999,T12TTemp C
2308,3/10/26,12:21:17,20.1,T1TTemp C,21,T2TTemp C,22.3,T3TTemp C,24.2,T4TTemp C,24.5,T5TTemp C,24.8,T6TTemp C,24.4,T7TTemp C,24.6,T8TTemp C,24.2,T9TTemp C,24.5,T10TTemp C,9999,T11TTemp C,9999,T12TTemp C
2309,3/10/26,12:21:18,20.2,T1TTemp C,21,T2TTemp C,22.3,T3TTemp C,24.2,T4TTemp C,24.5,T5TTemp C,24.8,T6TTemp C,24.4,T7TTemp C,24.6,T8TTemp C,24.2,T9TTemp C,24.5,T10TTemp C,9999,T11TTemp C,9999,T12TTemp C
2310,3/10/26,12:21:19,20.2,T1TTemp C,21,T2TTemp C,22.3,T3TTemp C,24.2,T4TTemp C,24.5,T5TTemp C,24.8,T6TTemp C,24.4,T7TTemp C,24.6,T8TTemp C,24.2,T9TTemp C,24.5,T10TTemp C,9999,T11TTemp C,9999,T12TTemp C
2311,3/10/26,12:21:20,19.5,T1TTemp C,21,T2TTemp C,22.2,T3TTemp C,24.1,T4TTemp C,24.5,T5TTemp C,24.8,T6TTemp C,24.4,T7TTemp C,24.6,T8TTemp C,24.2,T9TTemp C,24.5,T10TTemp C,9999,T11TTemp C,9999,T12TTemp C
2312,3/10/26,12:21:21,19.5,T1TTemp C,21,T2TTemp C,22.2,T3TTemp C,24.1,T4TTemp C,24.5,T5TTemp C,24.8,T6TTemp C,24.4,T7TTemp C,24.6,T8TTemp C,24.2,T9TTemp C,24.5,T10TTemp C,9999,T11TTemp C,9999,T12TTemp C
2313,3/10/26,12:21:22,19.5,T1TTemp C,21,T2TTemp C,22,T3TTemp C,24.1,T4TTemp C,24.5,T5TTemp C,24.8,T6TTemp C,24.4,T7TTemp C,24.6,T8TTemp C,24.2,T9TTemp C,24.5,T10TTemp C,9999,T11TTemp C,9999,T12TTemp C
2314,3/10/26,12:21:23,19.5,T1TTemp C,20.8,T2TTemp C,22,T3TTemp C,24.1,T4TTemp C,24.4,T5TTemp C,24.8,T6TTemp C,24.4,T7TTemp C,24.6,T8TTemp C,24.2,T9TTemp C,24.5,T10TTemp C,9999,T11TTemp C,9999,T12TTemp C
2315,3/10/26,12:21:24,19.5,T1TTemp C,20.8,T2TTemp C,21.9,T3TTemp C,24.1,T4TTemp C,24.4,T5TTemp C,24.8,T6TTemp C,24.4,T7TTemp C,24.6,T8TTemp C,24.2,T9TTemp C,24.5,T10TTemp C,9999,T11TTemp C,9999,T12TTemp C
2316,3/10/26,12:21:25,19.5,T1TTemp C,20.7,T2TTemp C,21.9,T3TTemp C,24.1,T4TTemp C,24.4,T5TTemp C,24.8,T6TTemp C,24.4,T7TTemp C,24.6,T8TTemp C,24.2,T9TTemp C,24.5,T10TTemp C,9999,T11TTemp C,9999,T12TTemp C
2317,3/10/26,12:21:26,19.5,T1TTemp C,20.7,T2TTemp C,21.9,T3TTemp C,24.1,T4TTemp C,24.4,T5TTemp C,24.8,T6TTemp C,24.4,T7TTemp C,24.6,T8TTemp C,24.2,T9TTemp C,24.5,T10TTemp C,9999,T11TTemp C,9999,T12TTemp C
2318,3/10/26,12:21:27,18.6,T1TTemp C,20.7,T2TTemp C,21.8,T3TTemp C,24.1,T4TTemp C,24.4,T5TTemp C,24.8,T6TTemp C,24.4,T7TTemp C,24.6,T8TTemp C,24.2,T9TTemp C,24.5,T10TTemp C,9999,T11TTemp C,9999,T12TTemp C
2319,3/10/26,12:21:28,18.6,T1TTemp C,20.7,T2TTemp C,21.8,T3TTemp C,24.1,T4TTemp C,24.4,T5TTemp C,24.8,T6TTemp C,24.4,T7TTemp C,24.6,T8TTemp C,24.2,T9TTemp C,24.5,T10TTemp C,9999,T11TTemp C,9999,T12TTemp C
2320,3/10/26,12:21:29,18.6,T1TTemp C,20.5,T2TTemp C,21.6,T3TTemp C,24.1,T4TTemp C,24.4,T5TTemp C,24.8,T6TTemp C,24.4,T7TTemp C,24.6,T8TTemp C,24.2,T9TTemp C,24.5,T10TTemp C,9999,T11TTemp C,9999,T12TTemp C
2321,3/10/26,12:21:30,18.6,T1TTemp C,20.5,T2TTemp C,21.6,T3TTemp C,24.1,T4TTemp C,24.4,T5TTemp C,24.8,T6TTemp C,24.4,T7TTemp C,24.6,T8TTemp C,24.2,T9TTemp C,24.5,T10TTemp C,9999,T11TTemp C,9999,T12TTemp C
2322,3/10/26,12:21:31,18.6,T1TTemp C,20.5,T2TTemp C,21.6,T3TTemp C,24.1,T4TTemp C,24.4,T5TTemp C,24.8,T6TTemp C,24.4,T7TTemp C,24.6,T8TTemp C,24.2,T9TTemp C,24.5,T10TTemp C,9999,T11TTemp C,9999,T12TTemp C
2323,3/10/26,12:21:32,19.3,T1TTemp C,20.5,T2TTemp C,21.5,T3TTemp C,24.1,T4TTemp C,24.4,T5TTemp C,24.8,T6TTemp C,24.4,T7TTemp C,24.6,T8TTemp C,24.2,T9TTemp C,24.5,T10TTemp C,9999,T11TTemp C,9999,T12TTemp C
2324,3/10/26,12:21:33,19.3,T1TTemp C,20.5,T2TTemp C,21.5,T3TTemp C,24.1,T4TTemp C,24.4,T5TTemp C,24.8,T6TTemp C,24.4,T7TTemp C,24.6,T8TTemp C,24.2,T9TTemp C,24.5,T10TTemp C,9999,T11TTemp C,9999,T12TTemp C
2325,3/10/26,12:21:34,19.3,T1TTemp C,20.6,T2TTemp C,21.5,T3TTemp C,24.1,T4TTemp C,24.4,T5TTemp C,24.8,T6TTemp C,24.4,T7TTemp C,24.6,T8TTemp C,24.2,T9TTemp C,24.5,T10TTemp C,9999,T11TTemp C,9999,T12TTemp C
2326,3/10/26,12:21:35,19.3,T1TTemp C,20.6,T2TTemp C,21.5,T3TTemp C,24.1,T4TTemp C,24.4,T5TTemp C,24.8,T6TTemp C,24.4,T7TTemp C,24.6,T8TTemp C,24.2,T9TTemp C,24.5,T10TTemp C,9999,T11TTemp C,9999,T12TTemp C
2327,3/10/26,12:21:36,19.3,T1TTemp C,20.7,T2TTemp C,21.6,T3TTemp C,24.2,T4TTemp C,24.4,T5TTemp C,24.8,T6TTemp C,24.4,T7TTemp C,24.6,T8TTemp C,24.2,T9TTemp C,24.5,T10TTemp C,9999,T11TTemp C,9999,T12TTemp C
2328,3/10/26,12:21:37,20.3,T1TTemp C,20.9,T2TTemp C,21.6,T3TTemp C,24.2,T4TTemp C,24.5,T5TTemp C,24.8,T6TTemp C,24.4,T7TTemp C,24.6,T8TTemp C,24.2,T9TTemp C,24.5,T10TTemp C,9999,T11TTemp C,9999,T12TTemp C
2329,3/10/26,12:21:38,20.3,T1TTemp C,20.9,T2TTemp C,21.6,T3TTemp C,24.2,T4TTemp C,24.5,T5TTemp C,24.8,T6TTemp C,24.4,T7TTemp C,24.6,T8TTemp C,24.2,T9TTemp C,24.5,T10TTemp C,9999,T11TTemp C,9999,T12TTemp C
2330,3/10/26,12:21:39,20.3,T1TTemp C,21.1,T2TTemp C,21.7,T3TTemp C,24.2,T4TTemp C,24.5,T5TTemp C,24.8,T6TTemp C,24.4,T7TTemp C,24.6,T8TTemp C,24.2,T9TTemp C,24.5,T10TTemp C,9999,T11TTemp C,9999,T12TTemp C
Place,Date,Time,Value,Unit,Value,Unit,Value,Unit,Value,Unit,Value,Unit,Value,Unit,Value,Unit,Value,Unit,Value,Unit,Value,Unit,Value,Unit,Value,Unit
2331,3/10/26,12:25:11,20.9,T1TTemp C,22.2,T2TTemp C,23.1,T3TTemp C,24.3,T4TTemp C,24.4,T5TTemp C,24.7,T6TTemp C,24,T7TTemp C,24.3,T8TTemp C,23.9,T9TTemp C,24.2,T10TTemp C,9999,T11TTemp C,9999,T12TTemp C
2332,3/10/26,12:25:12,20.9,T1TTemp C,22.2,T2TTemp C,23.2,T3TTemp C,24.4,T4TTemp C,24.4,T5TTemp C,24.7,T6TTemp C,24,T7TTemp C,24.3,T8TTemp C,23.9,T9TTemp C,24.2,T10TTemp C,9999,T11TTemp C,9999,T12TTemp C
2333,3/10/26,12:25:13,20.9,T1TTemp C,22.2,T2TTemp C,23.1,T3TTemp C,24.4,T4TTemp C,24.4,T5TTemp C,24.7,T6TTemp C,24,T7TTemp C,24.3,T8TTemp C,23.9,T9TTemp C,24.2,T10TTemp C,9999,T11TTemp C,9999,T12TTemp C
2334,3/10/26,12:25:14,20.9,T1TTemp C,22.2,T2TTemp C,23.1,T3TTemp C,24.4,T4TTemp C,24.4,T5TTemp C,24.7,T6TTemp C,24,T7TTemp C,24.3,T8TTemp C,23.9,T9TTemp C,24.2,T10TTemp C,9999,T11TTemp C,9999,T12TTemp C
2335,3/10/26,12:25:15,20.9,T1TTemp C,22.1,T2TTemp C,23,T3TTemp C,24.4,T4TTemp C,24.4,T5TTemp C,24.7,T6TTemp C,24,T7TTemp C,24.3,T8TTemp C,23.9,T9TTemp C,24.2,T10TTemp C,9999,T11TTemp C,9999,T12TTemp C
2336,3/10/26,12:25:16,20.8,T1TTemp C,22.1,T2TTemp C,23,T3TTemp C,24.4,T4TTemp C,24.4,T5TTemp C,24.7,T6TTemp C,24,T7TTemp C,24.3,T8TTemp C,24,T9TTemp C,24.2,T10TTemp C,9999,T11TTemp C,9999,T12TTemp C
2337,3/10/26,12:25:17,20.8,T1TTemp C,22.1,T2TTemp C,22.9,T3TTemp C,24.3,T4TTemp C,24.4,T5TTemp C,24.7,T6TTemp C,24,T7TTemp C,24.4,T8TTemp C,24,T9TTemp C,24.3,T10TTemp C,9999,T11TTemp C,9999,T12TTemp C
2338,3/10/26,12:25:18,20.9,T1TTemp C,22,T2TTemp C,22.9,T3TTemp C,24.3,T4TTemp C,24.4,T5TTemp C,24.7,T6TTemp C,24,T7TTemp C,24.4,T8TTemp C,24,T9TTemp C,24.3,T10TTemp C,9999,T11TTemp C,9999,T12TTemp C
2339,3/10/26,12:25:19,20.9,T1TTemp C,22,T2TTemp C,22.8,T3TTemp C,24.3,T4TTemp C,24.4,T5TTemp C,24.7,T6TTemp C,24.1,T7TTemp C,24.4,T8TTemp C,24,T9TTemp C,24.3,T10TTemp C,9999,T11TTemp C,9999,T12TTemp C
2340,3/10/26,12:25:20,20.8,T1TTemp C,21.9,T2TTemp C,22.7,T3TTemp C,24.3,T4TTemp C,24.4,T5TTemp C,24.7,T6TTemp C,24.1,T7TTemp C,24.4,T8TTemp C,24,T9TTemp C,24.3,T10TTemp C,9999,T11TTemp C,9999,T12TTemp C
2341,3/10/26,12:25:21,20.8,T1TTemp C,21.9,T2TTemp C,22.7,T3TTemp C,24.3,T4TTemp C,24.4,T5TTemp C,24.7,T6TTemp C,24.1,T7TTemp C,24.4,T8TTemp C,24,T9TTemp C,24.3,T10TTemp C,9999,T11TTemp C,9999,T12TTemp C
2342,3/10/26,12:25:22,20.8,T1TTemp C,21.8,T2TTemp C,22.6,T3TTemp C,24.3,T4TTemp C,24.4,T5TTemp C,24.7,T6TTemp C,24.1,T7TTemp C,24.4,T8TTemp C,24,T9TTemp C,24.3,T10TTemp C,9999,T11TTemp C,9999,T12TTemp C
2343,3/10/26,12:25:23,20.8,T1TTemp C,21.8,T2TTemp C,22.6,T3TTemp C,24.3,T4TTemp C,24.4,T5TTemp C,24.7,T6TTemp C,24.1,T7TTemp C,24.4,T8TTemp C,24,T9TTemp C,24.3,T10TTemp C,9999,T11TTemp C,9999,T12TTemp C
2344,3/10/26,12:25:24,20.8,T1TTemp C,21.7,T2TTemp C,22.6,T3TTemp C,24.3,T4TTemp C,24.4,T5TTemp C,24.7,T6TTemp C,24.1,T7TTemp C,24.4,T8TTemp C,24,T9TTemp C,24.3,T10TTemp C,9999,T11TTemp C,9999,T12TTemp C
2345,3/10/26,12:25:25,20.8,T1TTemp C,21.6,T2TTemp C,22.6,T3TTemp C,24.3,T4TTemp C,24.4,T5TTemp C,24.7,T6TTemp C,24.1,T7TTemp C,24.4,T8TTemp C,24,T9TTemp C,24.3,T10TTemp C,9999,T11TTemp C,9999,T12TTemp C
2346,3/10/26,12:25:26,20.8,T1TTemp C,21.6,T2TTemp C,22.6,T3TTemp C,24.3,T4TTemp C,24.4,T5TTemp C,24.7,T6TTemp C,24.1,T7TTemp C,24.4,T8TTemp C,24,T9TTemp C,24.3,T10TTemp C,9999,T11TTemp C,9999,T12TTemp C
2347,3/10/26,12:25:27,20.7,T1TTemp C,21.7,T2TTemp C,22.6,T3TTemp C,24.3,T4TTemp C,24.4,T5TTemp C,24.7,T6TTemp C,24.1,T7TTemp C,24.4,T8TTemp C,24,T9TTemp C,24.3,T10TTemp C,9999,T11TTemp C,9999,T12TTemp C
2348,3/10/26,12:25:28,20.7,T1TTemp C,21.7,T2TTemp C,22.6,T3TTemp C,24.3,T4TTemp C,24.4,T5TTemp C,24.7,T6TTemp C,24.1,T7TTemp C,24.4,T8TTemp C,24,T9TTemp C,24.3,T10TTemp C,9999,T11TTemp C,9999,T12TTemp C
2349,3/10/26,12:25:29,20.8,T1TTemp C,21.8,T2TTemp C,22.7,T3TTemp C,24.3,T4TTemp C,24.4,T5TTemp C,24.7,T6TTemp C,24.1,T7TTemp C,24.4,T8TTemp C,24,T9TTemp C,24.3,T10TTemp C,9999,T11TTemp C,9999,T12TTemp C
2350,3/10/26,12:25:30,20.8,T1TTemp C,21.8,T2TTemp C,22.7,T3TTemp C,24.3,T4TTemp C,24.4,T5TTemp C,24.7,T6TTemp C,24.1,T7TTemp C,24.4,T8TTemp C,24,T9TTemp C,24.3,T10TTemp C,9999,T11TTemp C,9999,T12TTemp C
2351,3/10/26,12:25:31,20.8,T1TTemp C,21.9,T2TTemp C,22.7,T3TTemp C,24.4,T4TTemp C,24.4,T5TTemp C,24.7,T6TTemp C,24.1,T7TTemp C,24.4,T8TTemp C,24,T9TTemp C,24.3,T10TTemp C,9999,T11TTemp C,9999,T12TTemp C
2352,3/10/26,12:25:32,20.9,T1TTemp C,22,T2TTemp C,22.7,T3TTemp C,24.4,T4TTemp C,24.4,T5TTemp C,24.7,T6TTemp C,24.1,T7TTemp C,24.4,T8TTemp C,24,T9TTemp C,24.3,T10TTemp C,9999,T11TTemp C,9999,T12TTemp C
2353,3/10/26,12:25:33,20.9,T1TTemp C,22,T2TTemp C,22.7,T3TTemp C,24.4,T4TTemp C,24.4,T5TTemp C,24.7,T6TTemp C,24.1,T7TTemp C,24.4,T8TTemp C,24,T9TTemp C,24.3,T10TTemp C,9999,T11TTemp C,9999,T12TTemp C
2354,3/10/26,12:25:34,21.1,T1TTemp C,22.1,T2TTemp C,22.7,T3TTemp C,24.4,T4TTemp C,24.4,T5TTemp C,24.7,T6TTemp C,24.2,T7TTemp C,24.4,T8TTemp C,24,T9TTemp C,24.3,T10TTemp C,9999,T11TTemp C,9999,T12TTemp C
2355,3/10/26,12:25:35,21.1,T1TTemp C,22.1,T2TTemp C,22.7,T3TTemp C,24.4,T4TTemp C,24.4,T5TTemp C,24.7,T6TTemp C,24.2,T7TTemp C,24.4,T8TTemp C,24,T9TTemp C,24.3,T10TTemp C,9999,T11TTemp C,9999,T12TTemp C
2356,3/10/26,12:25:36,21.2,T1TTemp C,22.1,T2TTemp C,22.6,T3TTemp C,24.4,T4TTemp C,24.4,T5TTemp C,24.7,T6TTemp C,24.2,T7TTemp C,24.5,T8TTemp C,24,T9TTemp C,24.3,T10TTemp C,9999,T11TTemp C,9999,T12TTemp C
2357,3/10/26,12:25:37,21.3,T1TTemp C,22.1,T2TTemp C,22.6,T3TTemp C,24.4,T4TTemp C,24.4,T5TTemp C,24.7,T6TTemp C,24.2,T7TTemp C,24.5,T8TTemp C,24,T9TTemp C,24.3,T10TTemp C,9999,T11TTemp C,9999,T12TTemp C
2358,3/10/26,12:25:38,21.3,T1TTemp C,22.2,T2TTemp C,22.5,T3TTemp C,24.4,T4TTemp C,24.4,T5TTemp C,24.7,T6TTemp C,24.2,T7TTemp C,24.5,T8TTemp C,24,T9TTemp C,24.3,T10TTemp C,9999,T11TTemp C,9999,T12TTemp C
2359,3/10/26,12:25:39,21.3,T1TTemp C,22.2,T2TTemp C,22.5,T3TTemp C,24.4,T4TTemp C,24.4,T5TTemp C,24.7,T6TTemp C,24.2,T7TTemp C,24.5,T8TTemp C,24,T9TTemp C,24.3,T10TTemp C,9999,T11TTemp C,9999,T12TTemp C
Place,Date,Time,Value,Unit,Value,Unit,Value,Unit,Value,Unit,Value,Unit,Value,Unit,Value,Unit,Value,Unit,Value,Unit,Value,Unit,Value,Unit,Value,Unit
2360,3/10/26,12:26:10,18.9,T1TTemp C,22.7,T2TTemp C,23.3,T3TTemp C,24.4,T4TTemp C,24.4,T5TTemp C,24.7,T6TTemp C,24.2,T7TTemp C,24.5,T8TTemp C,24,T9TTemp C,24.3,T10TTemp C,9999,T11TTemp C,9999,T12TTemp C
2361,3/10/26,12:26:11,18.9,T1TTemp C,22.7,T2TTemp C,23.2,T3TTemp C,24.4,T4TTemp C,24.4,T5TTemp C,24.7,T6TTemp C,24.2,T7TTemp C,24.5,T8TTemp C,24,T9TTemp C,24.3,T10TTemp C,9999,T11TTemp C,9999,T12TTemp C
2362,3/10/26,12:26:12,18.9,T1TTemp C,22.7,T2TTemp C,23.2,T3TTemp C,24.4,T4TTemp C,24.4,T5TTemp C,24.7,T6TTemp C,24.2,T7TTemp C,24.5,T8TTemp C,24,T9TTemp C,24.3,T10TTemp C,9999,T11TTemp C,9999,T12TTemp C
2363,3/10/26,12:26:13,18.9,T1TTemp C,22.6,T2TTemp C,23.2,T3TTemp C,24.4,T4TTemp C,24.4,T5TTemp C,24.7,T6TTemp C,24.2,T7TTemp C,24.5,T8TTemp C,24,T9TTemp C,24.3,T10TTemp C,9999,T11TTemp C,9999,T12TTemp C
2364,3/10/26,12:26:14,18.8,T1TTemp C,22.6,T2TTemp C,23.2,T3TTemp C,24.4,T4TTemp C,24.4,T5TTemp C,24.7,T6TTemp C,24.2,T7TTemp C,24.5,T8TTemp C,24,T9TTemp C,24.3,T10TTemp C,9999,T11TTemp C,9999,T12TTemp C
2365,3/10/26,12:26:15,18.8,T1TTemp C,22.6,T2TTemp C,23.2,T3TTemp C,24.4,T4TTemp C,24.4,T5TTemp C,24.7,T6TTemp C,24.2,T7TTemp C,24.5,T8TTemp C,24,T9TTemp C,24.3,T10TTemp C,9999,T11TTemp C,9999,T12TTemp C
2366,3/10/26,12:26:16,18.9,T1TTemp C,22.6,T2TTemp C,23.2,T3TTemp C,24.4,T4TTemp C,24.4,T5TTemp C,24.7,T6TTemp C,24.2,T7TTemp C,24.5,T8TTemp C,24,T9TTemp C,24.3,T10TTemp C,9999,T11TTemp C,9999,T12TTemp C
2367,3/10/26,12:26:17,18.9,T1TTemp C,22.6,T2TTemp C,23.2,T3TTemp C,24.4,T4TTemp C,24.4,T5TTemp C,24.7,T6TTemp C,24.2,T7TTemp C,24.5,T8TTemp C,24,T9TTemp C,24.3,T10TTemp C,9999,T11TTemp C,9999,T12TTemp C
2368,3/10/26,12:26:18,18.9,T1TTemp C,22.5,T2TTemp C,23.2,T3TTemp C,24.4,T4TTemp C,24.4,T5TTemp C,24.7,T6TTemp C,24.2,T7TTemp C,24.5,T8TTemp C,24,T9TTemp C,24.3,T10TTemp C,9999,T11TTemp C,9999,T12TTemp C
2369,3/10/26,12:26:19,18.9,T1TTemp C,22.5,T2TTemp C,23.2,T3TTemp C,24.4,T4TTemp C,24.4,T5TTemp C,24.7,T6TTemp C,24.2,T7TTemp C,24.5,T8TTemp C,24,T9TTemp C,24.3,T10TTemp C,9999,T11TTemp C,9999,T12TTemp C
2370,3/10/26,12:26:20,19,T1TTemp C,22.5,T2TTemp C,23.3,T3TTemp C,24.4,T4TTemp C,24.4,T5TTemp C,24.7,T6TTemp C,24.2,T7TTemp C,24.5,T8TTemp C,24,T9TTemp C,24.3,T10TTemp C,9999,T11TTemp C,9999,T12TTemp C
2371,3/10/26,12:26:21,19,T1TTemp C,22.5,T2TTemp C,23.3,T3TTemp C,24.4,T4TTemp C,24.4,T5TTemp C,24.7,T6TTemp C,24.2,T7TTemp C,24.5,T8TTemp C,24,T9TTemp C,24.3,T10TTemp C,9999,T11TTemp C,9999,T12TTemp C
2372,3/10/26,12:26:22,19,T1TTemp C,22.5,T2TTemp C,23.3,T3TTemp C,24.4,T4TTemp C,24.4,T5TTemp C,24.7,T6TTemp C,24.2,T7TTemp C,24.5,T8TTemp C,24,T9TTemp C,24.3,T10TTemp C,9999,T11TTemp C,9999,T12TTemp C
2373,3/10/26,12:26:23,19.1,T1TTemp C,22.5,T2TTemp C,23.3,T3TTemp C,24.4,T4TTemp C,24.4,T5TTemp C,24.7,T6TTemp C,24.2,T7TTemp C,24.5,T8TTemp C,24,T9TTemp C,24.3,T10TTemp C,9999,T11TTemp C,9999,T12TTemp C
2374,3/10/26,12:26:24,19.1,T1TTemp C,22.5,T2TTemp C,23.4,T3TTemp C,24.4,T4TTemp C,24.4,T5TTemp C,24.7,T6TTemp C,24.2,T7TTemp C,24.5,T8TTemp C,24,T9TTemp C,24.3,T10TTemp C,9999,T11TTemp C,9999,T12TTemp C
2375,3/10/26,12:26:25,19.1,T1TTemp C,22.5,T2TTemp C,23.4,T3TTemp C,24.4,T4TTemp C,24.4,T5TTemp C,24.7,T6TTemp C,24.2,T7TTemp C,24.5,T8TTemp C,24,T9TTemp C,24.3,T10TTemp C,9999,T11TTemp C,9999,T12TTemp C
2376,3/10/26,12:26:26,19.1,T1TTemp C,22.5,T2TTemp C,23.4,T3TTemp C,24.4,T4TTemp C,24.4,T5TTemp C,24.7,T6TTemp C,24.2,T7TTemp C,24.5,T8TTemp C,24,T9TTemp C,24.3,T10TTemp C,9999,T11TTemp C,9999,T12TTemp C
2377,3/10/26,12:26:27,19,T1TTemp C,22.4,T2TTemp C,23.4,T3TTemp C,24.4,T4TTemp C,24.4,T5TTemp C,24.7,T6TTemp C,24.2,T7TTemp C,24.5,T8TTemp C,24,T9TTemp C,24.3,T10TTemp C,9999,T11TTemp C,9999,T12TTemp C
2378,3/10/26,12:26:28,18.9,T1TTemp C,22.4,T2TTemp C,23.4,T3TTemp C,24.4,T4TTemp C,24.4,T5TTemp C,24.7,T6TTemp C,24.2,T7TTemp C,24.5,T8TTemp C,24,T9TTemp C,24.3,T10TTemp C,9999,T11TTemp C,9999,T12TTemp C
2379,3/10/26,12:26:29,18.9,T1TTemp C,22.4,T2TTemp C,23.4,T3TTemp C,24.4,T4TTemp C,24.4,T5TTemp C,24.7,T6TTemp C,24.2,T7TTemp C,24.5,T8TTemp C,24,T9TTemp C,24.3,T10TTemp C,9999,T11TTemp C,9999,T12TTemp C
2380,3/10/26,12:26:30,18.7,T1TTemp C,22.4,T2TTemp C,23.4,T3TTemp C,24.4,T4TTemp C,24.4,T5TTemp C,24.7,T6TTemp C,24.2,T7TTemp C,24.5,T8TTemp C,24,T9TTemp C,24.3,T10TTemp C,9999,T11TTemp C,9999,T12TTemp C
2381,3/10/26,12:26:31,18.7,T1TTemp C,22.4,T2TTemp C,23.4,T3TTemp C,24.4,T4TTemp C,24.4,T5TTemp C,24.7,T6TTemp C,24.2,T7TTemp C,24.5,T8TTemp C,24,T9TTemp C,24.3,T10TTemp C,9999,T11TTemp C,9999,T12TTemp C
2382,3/10/26,12:26:32,18.4,T1TTemp C,22.4,T2TTemp C,23.4,T3TTemp C,24.4,T4TTemp C,24.4,T5TTemp C,24.7,T6TTemp C,24.2,T7TTemp C,24.5,T8TTemp C,24,T9TTemp C,24.3,T10TTemp C,9999,T11TTemp C,9999,T12TTemp C
2383,3/10/26,12:26:33,18.4,T1TTemp C,22.4,T2TTemp C,23.4,T3TTemp C,24.4,T4TTemp C,24.4,T5TTemp C,24.7,T6TTemp C,24.2,T7TTemp C,24.5,T8TTemp C,24,T9TTemp C,24.3,T10TTemp C,9999,T11TTemp C,9999,T12TTemp C
2384,3/10/26,12:26:34,18.2,T1TTemp C,22.4,T2TTemp C,23.4,T3TTemp C,24.4,T4TTemp C,24.4,T5TTemp C,24.7,T6TTemp C,24.2,T7TTemp C,24.5,T8TTemp C,24,T9TTemp C,24.3,T10TTemp C,9999,T11TTemp C,9999,T12TTemp C
2385,3/10/26,12:26:35,18.2,T1TTemp C,22.4,T2TTemp C,23.4,T3TTemp C,24.4,T4TTemp C,24.4,T5TTemp C,24.7,T6TTemp C,24.2,T7TTemp C,24.5,T8TTemp C,24,T9TTemp C,24.3,T10TTemp C,9999,T11TTemp C,9999,T12TTemp C
2386,3/10/26,12:26:36,18.2,T1TTemp C,22.4,T2TTemp C,23.4,T3TTemp C,24.4,T4TTemp C,24.4,T5TTemp C,24.7,T6TTemp C,24.2,T7TTemp C,24.5,T8TTemp C,24,T9TTemp C,24.3,T10TTemp C,9999,T11TTemp C,9999,T12TTemp C
2387,3/10/26,12:26:37,19.1,T1TTemp C,22.3,T2TTemp C,23.4,T3TTemp C,24.4,T4TTemp C,24.4,T5TTemp C,24.7,T6TTemp C,24.2,T7TTemp C,24.5,T8TTemp C,24,T9TTemp C,24.3,T10TTemp C,9999,T11TTemp C,9999,T12TTemp C
2388,3/10/26,12:26:38,19.1,T1TTemp C,22.3,T2TTemp C,23.3,T3TTemp C,24.4,T4TTemp C,24.4,T5TTemp C,24.7,T6TTemp C,24.2,T7TTemp C,24.5,T8TTemp C,24,T9TTemp C,24.3,T10TTemp C,9999,T11TTemp C,9999,T12TTemp C
Place,Date,Time,Value,Unit,Value,Unit,Value,Unit,Value,Unit,Value,Unit,Value,Unit,Value,Unit,Value,Unit,Value,Unit,Value,Unit,Value,Unit,Value,Unit
2389,3/10/26,12:27:10,19.6,T1TTemp C,22.4,T2TTemp C,24,T3TTemp C,24.5,T4TTemp C,24.3,T5TTemp C,24.5,T6TTemp C,24,T7TTemp C,24.4,T8TTemp C,24,T9TTemp C,24.3,T10TTemp C,9999,T11TTemp C,9999,T12TTemp C
2390,3/10/26,12:27:11,19.6,T1TTemp C,22.2,T2TTemp C,24,T3TTemp C,24.5,T4TTemp C,24.3,T5TTemp C,24.5,T6TTemp C,24,T7TTemp C,24.4,T8TTemp C,24,T9TTemp C,24.3,T10TTemp C,9999,T11TTemp C,9999,T12TTemp C
2391,3/10/26,12:27:12,19.6,T1TTemp C,22.2,T2TTemp C,24,T3TTemp C,24.5,T4TTemp C,24.3,T5TTemp C,24.5,T6TTemp C,24,T7TTemp C,24.4,T8TTemp C,24,T9TTemp C,24.3,T10TTemp C,9999,T11TTemp C,9999,T12TTemp C
2392,3/10/26,12:27:13,19.6,T1TTemp C,22.2,T2TTemp C,24,T3TTemp C,24.6,T4TTemp C,24.3,T5TTemp C,24.5,T6TTemp C,24,T7TTemp C,24.4,T8TTemp C,24,T9TTemp C,24.3,T10TTemp C,9999,T11TTemp C,9999,T12TTemp C
2393,3/10/26,12:27:14,19.6,T1TTemp C,22.2,T2TTemp C,24,T3TTemp C,24.6,T4TTemp C,24.3,T5TTemp C,24.5,T6TTemp C,24,T7TTemp C,24.4,T8TTemp C,24,T9TTemp C,24.3,T10TTemp C,9999,T11TTemp C,9999,T12TTemp C
2394,3/10/26,12:27:15,19.6,T1TTemp C,22.2,T2TTemp C,24,T3TTemp C,24.6,T4TTemp C,24.3,T5TTemp C,24.5,T6TTemp C,24,T7TTemp C,24.4,T8TTemp C,24,T9TTemp C,24.3,T10TTemp C,9999,T11TTemp C,9999,T12TTemp C
2395,3/10/26,12:27:16,19.6,T1TTemp C,22.2,T2TTemp C,24,T3TTemp C,24.6,T4TTemp C,24.3,T5TTemp C,24.6,T6TTemp C,24,T7TTemp C,24.4,T8TTemp C,24,T9TTemp C,24.3,T10TTemp C,9999,T11TTemp C,9999,T12TTemp C
2396,3/10/26,12:27:17,19.6,T1TTemp C,22.2,T2TTemp C,24,T3TTemp C,24.6,T4TTemp C,24.3,T5TTemp C,24.6,T6TTemp C,24,T7TTemp C,24.4,T8TTemp C,24,T9TTemp C,24.3,T10TTemp C,9999,T11TTemp C,9999,T12TTemp C
2397,3/10/26,12:27:18,19.7,T1TTemp C,22.3,T2TTemp C,24,T3TTemp C,24.6,T4TTemp C,24.3,T5TTemp C,24.6,T6TTemp C,24,T7TTemp C,24.4,T8TTemp C,24,T9TTemp C,24.3,T10TTemp C,9999,T11TTemp C,9999,T12TTemp C
2398,3/10/26,12:27:19,19.7,T1TTemp C,22.3,T2TTemp C,24,T3TTemp C,24.6,T4TTemp C,24.3,T5TTemp C,24.6,T6TTemp C,24,T7TTemp C,24.4,T8TTemp C,24,T9TTemp C,24.3,T10TTemp C,9999,T11TTemp C,9999,T12TTemp C
2399,3/10/26,12:27:20,19.7,T1TTemp C,22.4,T2TTemp C,24,T3TTemp C,24.6,T4TTemp C,24.3,T5TTemp C,24.5,T6TTemp C,24,T7TTemp C,24.4,T8TTemp C,24,T9TTemp C,24.3,T10TTemp C,9999,T11TTemp C,9999,T12TTemp C
2400,3/10/26,12:27:21,19.8,T1TTemp C,22.4,T2TTemp C,24,T3TTemp C,24.6,T4TTemp C,24.3,T5TTemp C,24.5,T6TTemp C,24,T7TTemp C,24.4,T8TTemp C,24,T9TTemp C,24.3,T10TTemp C,9999,T11TTemp C,9999,T12TTemp C
2401,3/10/26,12:27:22,19.8,T1TTemp C,22.5,T2TTemp C,24,T3TTemp C,24.6,T4TTemp C,24.3,T5TTemp C,24.5,T6TTemp C,24,T7TTemp C,24.4,T8TTemp C,24,T9TTemp C,24.3,T10TTemp C,9999,T11TTemp C,9999,T12TTemp C
2402,3/10/26,12:27:23,19.9,T1TTemp C,22.5,T2TTemp C,24,T3TTemp C,24.6,T4TTemp C,24.3,T5TTemp C,24.5,T6TTemp C,24,T7TTemp C,24.4,T8TTemp C,24,T9TTemp C,24.3,T10TTemp C,9999,T11TTemp C,9999,T12TTemp C
2403,3/10/26,12:27:24,19.9,T1TTemp C,22.5,T2TTemp C,24,T3TTemp C,24.5,T4TTemp C,24.3,T5TTemp C,24.5,T6TTemp C,24,T7TTemp C,24.4,T8TTemp C,24,T9TTemp C,24.3,T10TTemp C,9999,T11TTemp C,9999,T12TTemp C
2404,3/10/26,12:27:25,20,T1TTemp C,22.6,T2TTemp C,24,T3TTemp C,24.5,T4TTemp C,24.4,T5TTemp C,24.5,T6TTemp C,24,T7TTemp C,24.4,T8TTemp C,24,T9TTemp C,24.3,T10TTemp C,9999,T11TTemp C,9999,T12TTemp C
2405,3/10/26,12:27:26,20,T1TTemp C,22.6,T2TTemp C,24,T3TTemp C,24.5,T4TTemp C,24.4,T5TTemp C,24.5,T6TTemp C,24,T7TTemp C,24.4,T8TTemp C,24,T9TTemp C,24.3,T10TTemp C,9999,T11TTemp C,9999,T12TTemp C
2406,3/10/26,12:27:27,20.1,T1TTemp C,22.5,T2TTemp C,24,T3TTemp C,24.5,T4TTemp C,24.4,T5TTemp C,24.5,T6TTemp C,24,T7TTemp C,24.4,T8TTemp C,24,T9TTemp C,24.3,T10TTemp C,9999,T11TTemp C,9999,T12TTemp C
2407,3/10/26,12:27:28,20.1,T1TTemp C,22.5,T2TTemp C,24,T3TTemp C,24.5,T4TTemp C,24.4,T5TTemp C,24.5,T6TTemp C,24,T7TTemp C,24.4,T8TTemp C,24,T9TTemp C,24.3,T10TTemp C,9999,T11TTemp C,9999,T12TTemp C
2408,3/10/26,12:27:29,20.1,T1TTemp C,22.5,T2TTemp C,24,T3TTemp C,24.5,T4TTemp C,24.4,T5TTemp C,24.5,T6TTemp C,24,T7TTemp C,24.4,T8TTemp C,24,T9TTemp C,24.3,T10TTemp C,9999,T11TTemp C,9999,T12TTemp C
2409,3/10/26,12:27:30,20,T1TTemp C,22.5,T2TTemp C,24,T3TTemp C,24.5,T4TTemp C,24.4,T5TTemp C,24.5,T6TTemp C,24,T7TTemp C,24.4,T8TTemp C,24,T9TTemp C,24.3,T10TTemp C,9999,T11TTemp C,9999,T12TTemp C
2410,3/10/26,12:27:31,20,T1TTemp C,22.5,T2TTemp C,24,T3TTemp C,24.5,T4TTemp C,24.4,T5TTemp C,24.5,T6TTemp C,24,T7TTemp C,24.4,T8TTemp C,24,T9TTemp C,24.3,T10TTemp C,9999,T11TTemp C,9999,T12TTemp C
2411,3/10/26,12:27:32,20,T1TTemp C,22.6,T2TTemp C,24,T3TTemp C,24.5,T4TTemp C,24.4,T5TTemp C,24.6,T6TTemp C,24,T7TTemp C,24.4,T8TTemp C,24,T9TTemp C,24.3,T10TTemp C,9999,T11TTemp C,9999,T12TTemp C
2412,3/10/26,12:27:33,20,T1TTemp C,22.6,T2TTemp C,24,T3TTemp C,24.5,T4TTemp C,24.4,T5TTemp C,24.6,T6TTemp C,24,T7TTemp C,24.4,T8TTemp C,24,T9TTemp C,24.3,T10TTemp C,9999,T11TTemp C,9999,T12TTemp C
2413,3/10/26,12:27:34,19.9,T1TTemp C,22.6,T2TTemp C,24,T3TTemp C,24.5,T4TTemp C,24.4,T5TTemp C,24.6,T6TTemp C,24,T7TTemp C,24.4,T8TTemp C,24,T9TTemp C,24.3,T10TTemp C,9999,T11TTemp C,9999,T12TTemp C
2414,3/10/26,12:27:35,19.8,T1TTemp C,22.6,T2TTemp C,24,T3TTemp C,24.5,T4TTemp C,24.4,T5TTemp C,24.6,T6TTemp C,24,T7TTemp C,24.4,T8TTemp C,24,T9TTemp C,24.3,T10TTemp C,9999,T11TTemp C,9999,T12TTemp C
2415,3/10/26,12:27:36,19.8,T1TTemp C,22.7,T2TTemp C,24,T3TTemp C,24.6,T4TTemp C,24.4,T5TTemp C,24.6,T6TTemp C,24,T7TTemp C,24.4,T8TTemp C,24,T9TTemp C,24.3,T10TTemp C,9999,T11TTemp C,9999,T12TTemp C
2416,3/10/26,12:27:37,19.8,T1TTemp C,22.7,T2TTemp C,24,T3TTemp C,24.6,T4TTemp C,24.4,T5TTemp C,24.6,T6TTemp C,24,T7TTemp C,24.4,T8TTemp C,24,T9TTemp C,24.3,T10TTemp C,9999,T11TTemp C,9999,T12TTemp C
2417,3/10/26,12:27:38,19.8,T1TTemp C,22.7,T2TTemp C,24,T3TTemp C,24.6,T4TTemp C,24.4,T5TTemp C,24.6,T6TTemp C,24,T7TTemp C,24.4,T8TTemp C,24,T9TTemp C,24.3,T10TTemp C,9999,T11TTemp C,9999,T12TTemp C
2418,3/10/26,12:27:39,19.8,T1TTemp C,22.7,T2TTemp C,24,T3TTemp C,24.6,T4TTemp C,24.4,T5TTemp C,24.6,T6TTemp C,24.1,T7TTemp C,24.4,T8TTemp C,24,T9TTemp C,24.3,T10TTemp C,9999,T11TTemp C,9999,T12TTemp C
Place,Date,Time,Value,Unit,Value,Unit,Value,Unit,Value,Unit,Value,Unit,Value,Unit,Value,Unit,Value,Unit,Value,Unit,Value,Unit,Value,Unit,Value,Unit
2419,3/10/26,12:28:11,23.4,T1TTemp C,24.3,T2TTemp C,24.3,T3TTemp C,24.6,T4TTemp C,24.4,T5TTemp C,24.6,T6TTemp C,24.1,T7TTemp C,24.4,T8TTemp C,24,T9TTemp C,24.3,T10TTemp C,9999,T11TTemp C,9999,T12TTemp C
2420,3/10/26,12:28:11,23.4,T1TTemp C,24.3,T2TTemp C,24.3,T3TTemp C,24.6,T4TTemp C,24.4,T5TTemp C,24.6,T6TTemp C,24.1,T7TTemp C,24.4,T8TTemp C,24,T9TTemp C,24.3,T10TTemp C,9999,T11TTemp C,9999,T12TTemp C
2421,3/10/26,12:28:12,23.4,T1TTemp C,24.3,T2TTemp C,24.3,T3TTemp C,24.6,T4TTemp C,24.4,T5TTemp C,24.6,T6TTemp C,24.1,T7TTemp C,24.4,T8TTemp C,24,T9TTemp C,24.3,T10TTemp C,9999,T11TTemp C,9999,T12TTemp C
2422,3/10/26,12:28:13,23.3,T1TTemp C,24.3,T2TTemp C,24.3,T3TTemp C,24.6,T4TTemp C,24.4,T5TTemp C,24.6,T6TTemp C,24.1,T7TTemp C,24.4,T8TTemp C,24,T9TTemp C,24.3,T10TTemp C,9999,T11TTemp C,9999,T12TTemp C
2423,3/10/26,12:28:14,23.3,T1TTemp C,24.3,T2TTemp C,24.3,T3TTemp C,24.6,T4TTemp C,24.4,T5TTemp C,24.6,T6TTemp C,24.1,T7TTemp C,24.4,T8TTemp C,24,T9TTemp C,24.3,T10TTemp C,9999,T11TTemp C,9999,T12TTemp C
2424,3/10/26,12:28:15,23.3,T1TTemp C,24.4,T2TTemp C,24.3,T3TTemp C,24.6,T4TTemp C,24.4,T5TTemp C,24.6,T6TTemp C,24.1,T7TTemp C,24.4,T8TTemp C,24,T9TTemp C,24.3,T10TTemp C,9999,T11TTemp C,9999,T12TTemp C
2425,3/10/26,12:28:16,23.3,T1TTemp C,24.4,T2TTemp C,24.3,T3TTemp C,24.6,T4TTemp C,24.4,T5TTemp C,24.6,T6TTemp C,24.1,T7TTemp C,24.4,T8TTemp C,24,T9TTemp C,24.3,T10TTemp C,9999,T11TTemp C,9999,T12TTemp C
2426,3/10/26,12:28:17,23.3,T1TTemp C,24.4,T2TTemp C,24.3,T3TTemp C,24.6,T4TTemp C,24.4,T5TTemp C,24.6,T6TTemp C,24.1,T7TTemp C,24.4,T8TTemp C,24,T9TTemp C,24.3,T10TTemp C,9999,T11TTemp C,9999,T12TTemp C
2427,3/10/26,12:28:18,23.3,T1TTemp C,24.4,T2TTemp C,24.3,T3TTemp C,24.6,T4TTemp C,24.4,T5TTemp C,24.6,T6TTemp C,24.1,T7TTemp C,24.4,T8TTemp C,24,T9TTemp C,24.3,T10TTemp C,9999,T11TTemp C,9999,T12TTemp C
2428,3/10/26,12:28:19,23.3,T1TTemp C,24.4,T2TTemp C,24.3,T3TTemp C,24.6,T4TTemp C,24.4,T5TTemp C,24.6,T6TTemp C,24.1,T7TTemp C,24.4,T8TTemp C,24,T9TTemp C,24.2,T10TTemp C,9999,T11TTemp C,9999,T12TTemp C
2429,3/10/26,12:28:20,23.4,T1TTemp C,24.3,T2TTemp C,24.3,T3TTemp C,24.6,T4TTemp C,24.4,T5TTemp C,24.6,T6TTemp C,24.1,T7TTemp C,24.4,T8TTemp C,24,T9TTemp C,24.2,T10TTemp C,9999,T11TTemp C,9999,T12TTemp C
2430,3/10/26,12:28:21,23.4,T1TTemp C,24.3,T2TTemp C,24.3,T3TTemp C,24.6,T4TTemp C,24.4,T5TTemp C,24.6,T6TTemp C,24.1,T7TTemp C,24.4,T8TTemp C,24,T9TTemp C,24.2,T10TTemp C,9999,T11TTemp C,9999,T12TTemp C
2431,3/10/26,12:28:22,23.4,T1TTemp C,24.3,T2TTemp C,24.3,T3TTemp C,24.6,T4TTemp C,24.4,T5TTemp C,24.6,T6TTemp C,24.1,T7TTemp C,24.4,T8TTemp C,24,T9TTemp C,24.2,T10TTemp C,9999,T11TTemp C,9999,T12TTemp C
2432,3/10/26,12:28:23,23.4,T1TTemp C,24.3,T2TTemp C,24.3,T3TTemp C,24.6,T4TTemp C,24.4,T5TTemp C,24.6,T6TTemp C,24.1,T7TTemp C,24.4,T8TTemp C,24,T9TTemp C,24.2,T10TTemp C,9999,T11TTemp C,9999,T12TTemp C
2433,3/10/26,12:28:24,23.5,T1TTemp C,24.4,T2TTemp C,24.3,T3TTemp C,24.6,T4TTemp C,24.4,T5TTemp C,24.6,T6TTemp C,24.1,T7TTemp C,24.4,T8TTemp C,24,T9TTemp C,24.2,T10TTemp C,9999,T11TTemp C,9999,T12TTemp C
2434,3/10/26,12:28:25,23.5,T1TTemp C,24.4,T2TTemp C,24.3,T3TTemp C,24.6,T4TTemp C,24.4,T5TTemp C,24.6,T6TTemp C,24.1,T7TTemp C,24.4,T8TTemp C,24,T9TTemp C,24.2,T10TTemp C,9999,T11TTemp C,9999,T12TTemp C
2435,3/10/26,12:28:26,23.5,T1TTemp C,24.4,T2TTemp C,24.3,T3TTemp C,24.6,T4TTemp C,24.4,T5TTemp C,24.6,T6TTemp C,24.1,T7TTemp C,24.4,T8TTemp C,24,T9TTemp C,24.2,T10TTemp C,9999,T11TTemp C,9999,T12TTemp C
2436,3/10/26,12:28:27,23.6,T1TTemp C,24.4,T2TTemp C,24.3,T3TTemp C,24.6,T4TTemp C,24.5,T5TTemp C,24.7,T6TTemp C,24.2,T7TTemp C,24.4,T8TTemp C,24,T9TTemp C,24.2,T10TTemp C,9999,T11TTemp C,9999,T12TTemp C
2437,3/10/26,12:28:28,23.6,T1TTemp C,24.4,T2TTemp C,24.4,T3TTemp C,24.7,T4TTemp C,24.5,T5TTemp C,24.7,T6TTemp C,24.2,T7TTemp C,24.5,T8TTemp C,24.1,T9TTemp C,24.3,T10TTemp C,9999,T11TTemp C,9999,T12TTemp C
2438,3/10/26,12:28:29,23.6,T1TTemp C,24.4,T2TTemp C,24.4,T3TTemp C,24.7,T4TTemp C,24.5,T5TTemp C,24.7,T6TTemp C,24.2,T7TTemp C,24.5,T8TTemp C,24.1,T9TTemp C,24.3,T10TTemp C,9999,T11TTemp C,9999,T12TTemp C
2439,3/10/26,12:28:30,23.6,T1TTemp C,24.4,T2TTemp C,24.4,T3TTemp C,24.7,T4TTemp C,24.5,T5TTemp C,24.7,T6TTemp C,24.2,T7TTemp C,24.5,T8TTemp C,24.1,T9TTemp C,24.3,T10TTemp C,9999,T11TTemp C,9999,T12TTemp C
2440,3/10/26,12:28:31,23.6,T1TTemp C,24.4,T2TTemp C,24.4,T3TTemp C,24.7,T4TTemp C,24.5,T5TTemp C,24.7,T6TTemp C,24.2,T7TTemp C,24.5,T8TTemp C,24.1,T9TTemp C,24.3,T10TTemp C,9999,T11TTemp C,9999,T12TTemp C
2441,3/10/26,12:28:32,23.7,T1TTemp C,24.4,T2TTemp C,24.4,T3TTemp C,24.7,T4TTemp C,24.5,T5TTemp C,24.7,T6TTemp C,24.2,T7TTemp C,24.5,T8TTemp C,24.1,T9TTemp C,24.3,T10TTemp C,9999,T11TTemp C,9999,T12TTemp C
2442,3/10/26,12:28:33,23.7,T1TTemp C,24.4,T2TTemp C,24.4,T3TTemp C,24.7,T4TTemp C,24.5,T5TTemp C,24.7,T6TTemp C,24.2,T7TTemp C,24.5,T8TTemp C,24.1,T9TTemp C,24.3,T10TTemp C,9999,T11TTemp C,9999,T12TTemp C
2443,3/10/26,12:28:34,23.7,T1TTemp C,24.3,T2TTemp C,24.4,T3TTemp C,24.7,T4TTemp C,24.5,T5TTemp C,24.7,T6TTemp C,24.2,T7TTemp C,24.5,T8TTemp C,24.1,T9TTemp C,24.3,T10TTemp C,9999,T11TTemp C,9999,T12TTemp C
2444,3/10/26,12:28:35,23.7,T1TTemp C,24.3,T2TTemp C,24.4,T3TTemp C,24.7,T4TTemp C,24.5,T5TTemp C,24.7,T6TTemp C,24.2,T7TTemp C,24.5,T8TTemp C,24.1,T9TTemp C,24.3,T10TTemp C,9999,T11TTemp C,9999,T12TTemp C
2445,3/10/26,12:28:36,23.7,T1TTemp C,24.4,T2TTemp C,24.4,T3TTemp C,24.7,T4TTemp C,24.5,T5TTemp C,24.7,T6TTemp C,24.2,T7TTemp C,24.5,T8TTemp C,24.1,T9TTemp C,24.3,T10TTemp C,9999,T11TTemp C,9999,T12TTemp C
2446,3/10/26,12:28:37,23.7,T1TTemp C,24.4,T2TTemp C,24.4,T3TTemp C,24.7,T4TTemp C,24.5,T5TTemp C,24.7,T6TTemp C,24.2,T7TTemp C,24.5,T8TTemp C,24.1,T9TTemp C,24.3,T10TTemp C,9999,T11TTemp C,9999,T12TTemp C
2447,3/10/26,12:28:38,23.7,T1TTemp C,24.4,T2TTemp C,24.4,T3TTemp C,24.7,T4TTemp C,24.5,T5TTemp C,24.7,T6TTemp C,24.2,T7TTemp C,24.5,T8TTemp C,24.1,T9TTemp C,24.3,T10TTemp C,9999,T11TTemp C,9999,T12TTemp C
2448,3/10/26,12:28:39,23.6,T1TTemp C,24.4,T2TTemp C,24.4,T3TTemp C,24.7,T4TTemp C,24.5,T5TTemp C,24.7,T6TTemp C,24.2,T7TTemp C,24.5,T8TTemp C,24.1,T9TTemp C,24.3,T10TTemp C,9999,T11TTemp C,9999,T12TTemp C