cross_section,longitudinal,depth,Temperature,Unit,
0,-5,0,24.7,T1TTemp C,
5,-5,0,24.7,T1TTemp C,
10,-5,0,24.4,T1TTemp C,
15,-5,0,24.7,T1TTemp C,
20,-5,0,24.6,T1TTemp C,
25,-5,0,24.5,T1TTemp C,
30,-5,0,24.6,T1TTemp C,
35,-5,0,24.4,T1TTemp C,
40,-5,0,24.4,T1TTemp C,
45,-5,0,24.5,T1TTemp C,
50,-5,0,24.6,T1TTemp C,
55,-5,0,24.6,T1TTemp C,
58,-5,0,24.6,T1TTemp C,
0,0,0,24.5,T1TTemp C,
5,0,0,24.5,T1TTemp C,
10,0,0,24.3,T1TTemp C,
15,0,0,21.6,T1TTemp C,
20,0,0,16.2,T1TTemp C,
25,0,0,22.6,T1TTemp C,
30,0,0,23,T1TTemp C,
35,0,0,23.1,T1TTemp C,
40,0,0,20.3,T1TTemp C,
45,0,0,23,T1TTemp C,
50,0,0,21.9,T1TTemp C,
55,0,0,22.6,T1TTemp C,
58,0,0,13.4,T1TTemp C,
0,5,0,23.1,T1TTemp C,
5,5,0,24,T1TTemp C,
10,5,0,23.3,T1TTemp C,
15,5,0,17.6,T1TTemp C,
20,5,0,12.8,T1TTemp C,
25,5,0,12.8,T1TTemp C,
30,5,0,14.8,T1TTemp C,
35,5,0,13.5,T1TTemp C,
40,5,0,12.6,T1TTemp C,
45,5,0,12.3,T1TTemp C,
50,5,0,12.8,T1TTemp C,
55,5,0,16,T1TTemp C,
58,5,0,13.6,T1TTemp C,
0,10,0,23.2,T1TTemp C,
5,10,0,24.1,T1TTemp C,
10,10,0,24.2,T1TTemp C,
15,10,0,20,T1TTemp C,
20,10,0,13.9,T1TTemp C,
25,10,0,12.9,T1TTemp C,
30,10,0,12.7,T1TTemp C,
35,10,0,13.5,T1TTemp C,
40,10,0,13.2,T1TTemp C,
45,10,0,13.9,T1TTemp C,
50,10,0,14.6,T1TTemp C,
55,10,0,17.3,T1TTemp C,
58,10,0,14.1,T1TTemp C,
0,15,0,22.4,T1TTemp C,
5,15,0,24.2,T1TTemp C,
10,15,0,20.9,T1TTemp C,
15,15,0,16.5,T1TTemp C,
20,15,0,16.8,T1TTemp C,
25,15,0,14.6,T1TTemp C,
30,15,0,14.2,T1TTemp C,
35,15,0,16.2,T1TTemp C,
40,15,0,17.7,T1TTemp C,
45,15,0,15,T1TTemp C,
50,15,0,14.7,T1TTemp C,
55,15,0,19.5,T1TTemp C,
58,15,0,16.3,T1TTemp C,
0,20,0,23.7,T1TTemp C,
5,20,0,24.4,T1TTemp C,
10,20,0,22.4,T1TTemp C,
15,20,0,20.8,T1TTemp C,
20,20,0,16.5,T1TTemp C,
25,20,0,16.2,T1TTemp C,
30,20,0,20.2,T1TTemp C,
35,20,0,15.4,T1TTemp C,
40,20,0,13.9,T1TTemp C,
45,20,0,14.4,T1TTemp C,
50,20,0,13.4,T1TTemp C,
55,20,0,13.4,T1TTemp C,
58,20,0,17.4,T1TTemp C,
0,25,0,23.6,T1TTemp C,
5,25,0,23.9,T1TTemp C,
10,25,0,23.1,T1TTemp C,
15,25,0,20.2,T1TTemp C,
20,25,0,19.2,T1TTemp C,
25,25,0,14.9,T1TTemp C,
30,25,0,19.3,T1TTemp C,
35,25,0,14.3,T1TTemp C,
40,25,0,14.1,T1TTemp C,
45,25,0,17,T1TTemp C,
50,25,0,18.5,T1TTemp C,
55,25,0,15.1,T1TTemp C,
58,25,0,16.7,T1TTemp C,
0,30,0,23.8,T1TTemp C,
5,30,0,24.2,T1TTemp C,
10,30,0,22.7,T1TTemp C,
15,30,0,20,T1TTemp C,
20,30,0,18,T1TTemp C,
25,30,0,16.9,T1TTemp C,
30,30,0,21.8,T1TTemp C,
35,30,0,20.1,T1TTemp C,
40,30,0,18.9,T1TTemp C,
45,30,0,17,T1TTemp C,
50,30,0,21.4,T1TTemp C,
55,30,0,22.9,T1TTemp C,
58,30,0,23.4,T1TTemp C,
0,35,0,24.7,T1TTemp C,
5,35,0,24.7,T1TTemp C,
10,35,0,23.8,T1TTemp C,
15,35,0,22.5,T1TTemp C,
20,35,0,22.4,T1TTemp C,
25,35,0,23.1,T1TTemp C,
30,35,0,23,T1TTemp C,
35,35,0,22.9,T1TTemp C,
40,35,0,23,T1TTemp C,
45,35,0,20.1,T1TTemp C,
50,35,0,20.8,T1TTemp C,
55,35,0,23.4,T1TTemp C,
58,35,0,23,T1TTemp C,
0,40,0,24,T1TTemp C,
5,40,0,24.4,T1TTemp C,
10,40,0,22.8,T1TTemp C,
15,40,0,22.9,T1TTemp C,
20,40,0,23.1,T1TTemp C,
25,40,0,22.7,T1TTemp C,
30,40,0,23.2,T1TTemp C,
35,40,0,23.3,T1TTemp C,
40,40,0,23.7,T1TTemp C,
45,40,0,23.5,T1TTemp C,
50,40,0,23.7,T1TTemp C,
55,40,0,24,T1TTemp C,
58,40,0,23.3,T1TTemp C,
0,45,0,24.1,T1TTemp C,
5,45,0,24.4,T1TTemp C,
10,45,0,24,T1TTemp C,
15,45,0,23.4,T1TTemp C,
20,45,0,23,T1TTemp C,
25,45,0,23.1,T1TTemp C,
30,45,0,23.4,T1TTemp C,
35,45,0,23.4,T1TTemp C,
40,45,0,23.5,T1TTemp C,
45,45,0,23.7,T1TTemp C,
50,45,0,23.8,T1TTemp C,
55,45,0,23.9,T1TTemp C,
58,45,0,23.9,T1TTemp C,
0,50,0,24.4,T1TTemp C,
5,50,0,24.3,T1TTemp C,
10,50,0,23.6,T1TTemp C,
15,50,0,23.2,T1TTemp C,
20,50,0,23.1,T1TTemp C,
25,50,0,23.6,T1TTemp C,
30,50,0,23.5,T1TTemp C,
35,50,0,23.7,T1TTemp C,
40,50,0,23.7,T1TTemp C,
45,50,0,24.1,T1TTemp C,
50,50,0,24,T1TTemp C,
55,50,0,24.1,T1TTemp C,
58,50,0,23.4,T1TTemp C,
0,-5,3.2,24.5,T2TTemp C,
5,-5,3.2,24.6,T2TTemp C,
10,-5,3.2,24.5,T2TTemp C,
15,-5,3.2,24.5,T2TTemp C,
20,-5,3.2,24.4,T2TTemp C,
25,-5,3.2,24.4,T2TTemp C,
30,-5,3.2,24.3,T2TTemp C,
35,-5,3.2,24.3,T2TTemp C,
40,-5,3.2,24.2,T2TTemp C,
45,-5,3.2,24.3,T2TTemp C,
50,-5,3.2,24.3,T2TTemp C,
55,-5,3.2,24.3,T2TTemp C,
58,-5,3.2,24.3,T2TTemp C,
0,0,3.2,24.3,T2TTemp C,
5,0,3.2,24.3,T2TTemp C,
10,0,3.2,24.3,T2TTemp C,
15,0,3.2,20.3,T2TTemp C,
20,0,3.2,18.2,T2TTemp C,
25,0,3.2,18,T2TTemp C,
30,0,3.2,21.2,T2TTemp C,
35,0,3.2,20.5,T2TTemp C,
40,0,3.2,20.3,T2TTemp C,
45,0,3.2,21.1,T2TTemp C,
50,0,3.2,21.3,T2TTemp C,
55,0,3.2,22.5,T2TTemp C,
58,0,3.2,17.6,T2TTemp C,
0,5,3.2,23.6,T2TTemp C,
5,5,3.2,24.4,T2TTemp C,
10,5,3.2,24.2,T2TTemp C,
15,5,3.2,23.8,T2TTemp C,
20,5,3.2,15.3,T2TTemp C,
25,5,3.2,17.6,T2TTemp C,
30,5,3.2,18.6,T2TTemp C,
35,5,3.2,15.2,T2TTemp C,
40,5,3.2,15.9,T2TTemp C,
45,5,3.2,15.6,T2TTemp C,
50,5,3.2,16.1,T2TTemp C,
55,5,3.2,16.6,T2TTemp C,remeasured
58,5,3.2,24.5,T2TTemp C,remeasured
0,10,3.2,23.9,T2TTemp C,
5,10,3.2,24.5,T2TTemp C,
10,10,3.2,24.5,T2TTemp C,
15,10,3.2,23.6,T2TTemp C,
20,10,3.2,19.3,T2TTemp C,
25,10,3.2,16.3,T2TTemp C,
30,10,3.2,17.4,T2TTemp C,
35,10,3.2,14.5,T2TTemp C,
40,10,3.2,17,T2TTemp C,
45,10,3.2,21,T2TTemp C,
50,10,3.2,19.8,T2TTemp C,
55,10,3.2,22.2,T2TTemp C,
58,10,3.2,16.6,T2TTemp C,
0,15,3.2,23,T2TTemp C,
5,15,3.2,24.3,T2TTemp C,
10,15,3.2,24.1,T2TTemp C,
15,15,3.2,23.5,T2TTemp C,
20,15,3.2,22.1,T2TTemp C,
25,15,3.2,21.5,T2TTemp C,
30,15,3.2,20.3,T2TTemp C,
35,15,3.2,19.5,T2TTemp C,
40,15,3.2,21.5,T2TTemp C,
45,15,3.2,19.7,T2TTemp C,
50,15,3.2,20.8,T2TTemp C,
55,15,3.2,22.3,T2TTemp C,
58,15,3.2,24.5,T2TTemp C,remeasured
0,20,3.2,24.3,T2TTemp C,
5,20,3.2,24.5,T2TTemp C,
10,20,3.2,24.1,T2TTemp C,
15,20,3.2,23,T2TTemp C,
20,20,3.2,21.9,T2TTemp C,
25,20,3.2,21.8,T2TTemp C,
30,20,3.2,23,T2TTemp C,
35,20,3.2,22,T2TTemp C,
40,20,3.2,19.9,T2TTemp C,
45,20,3.2,21.4,T2TTemp C,
50,20,3.2,17,T2TTemp C,
55,20,3.2,18.4,T2TTemp C,
58,20,3.2,23.2,T2TTemp C,
0,25,3.2,24.4,T2TTemp C,
5,25,3.2,24.6,T2TTemp C,
10,25,3.2,24.1,T2TTemp C,
15,25,3.2,23.3,T2TTemp C,
20,25,3.2,22.2,T2TTemp C,
25,25,3.2,21.7,T2TTemp C,
30,25,3.2,22.3,T2TTemp C,
35,25,3.2,19.2,T2TTemp C,
40,25,3.2,20.2,T2TTemp C,
45,25,3.2,21.9,T2TTemp C,
50,25,3.2,23,T2TTemp C,
55,25,3.2,20.3,T2TTemp C,
58,25,3.2,22.1,T2TTemp C,
0,30,3.2,24.6,T2TTemp C,
5,30,3.2,24.8,T2TTemp C,
10,30,3.2,24.4,T2TTemp C,
15,30,3.2,22.5,T2TTemp C,
20,30,3.2,23,T2TTemp C,
25,30,3.2,23.1,T2TTemp C,
30,30,3.2,23.3,T2TTemp C,
35,30,3.2,23.6,T2TTemp C,
40,30,3.2,23.3,T2TTemp C,
45,30,3.2,21.8,T2TTemp C,
50,30,3.2,23.7,T2TTemp C,
55,30,3.2,23.9,T2TTemp C,
58,30,3.2,24.1,T2TTemp C,
0,35,3.2,24.8,T2TTemp C,
5,35,3.2,24.8,T2TTemp C,
10,35,3.2,24.5,T2TTemp C,
15,35,3.2,23.3,T2TTemp C,
20,35,3.2,23.4,T2TTemp C,
25,35,3.2,23.5,T2TTemp C,
30,35,3.2,23.2,T2TTemp C,
35,35,3.2,23.2,T2TTemp C,
40,35,3.2,23.1,T2TTemp C,
45,35,3.2,23.2,T2TTemp C,
50,35,3.2,23.5,T2TTemp C,
55,35,3.2,23.7,T2TTemp C,
58,35,3.2,23.7,T2TTemp C,
0,40,3.2,24.5,T2TTemp C,
5,40,3.2,24.5,T2TTemp C,
10,40,3.2,23.5,T2TTemp C,
15,40,3.2,23.5,T2TTemp C,
20,40,3.2,23.1,T2TTemp C,
25,40,3.2,23.3,T2TTemp C,
30,40,3.2,23.2,T2TTemp C,
35,40,3.2,23.2,T2TTemp C,
40,40,3.2,23.6,T2TTemp C,
45,40,3.2,23.6,T2TTemp C,
50,40,3.2,23.7,T2TTemp C,
55,40,3.2,23.9,T2TTemp C,
58,40,3.2,23.8,T2TTemp C,
0,45,3.2,24.3,T2TTemp C,
5,45,3.2,24.3,T2TTemp C,
10,45,3.2,24,T2TTemp C,
15,45,3.2,23.7,T2TTemp C,
20,45,3.2,23.1,T2TTemp C,
25,45,3.2,23.1,T2TTemp C,
30,45,3.2,23.3,T2TTemp C,
35,45,3.2,23,T2TTemp C,
40,45,3.2,23.5,T2TTemp C,
45,45,3.2,23.5,T2TTemp C,
50,45,3.2,23.6,T2TTemp C,
55,45,3.2,23.7,T2TTemp C,
58,45,3.2,23.8,T2TTemp C,
0,50,3.2,24.3,T2TTemp C,
5,50,3.2,24.2,T2TTemp C,
10,50,3.2,23.7,T2TTemp C,
15,50,3.2,23.4,T2TTemp C,
20,50,3.2,23.4,T2TTemp C,
25,50,3.2,23.3,T2TTemp C,
30,50,3.2,23.6,T2TTemp C,
35,50,3.2,23.3,T2TTemp C,
40,50,3.2,23.5,T2TTemp C,
45,50,3.2,23.9,T2TTemp C,
50,50,3.2,23.9,T2TTemp C,
55,50,3.2,24,T2TTemp C,
58,50,3.2,24,T2TTemp C,
0,-5,6.4,24.7,T3TTemp C,
5,-5,6.4,24.7,T3TTemp C,
10,-5,6.4,24.6,T3TTemp C,
15,-5,6.4,24.7,T3TTemp C,
20,-5,6.4,24.6,T3TTemp C,
25,-5,6.4,24.6,T3TTemp C,
30,-5,6.4,24.6,T3TTemp C,
35,-5,6.4,24.6,T3TTemp C,
40,-5,6.4,24.5,T3TTemp C,
45,-5,6.4,24.6,T3TTemp C,
50,-5,6.4,24.6,T3TTemp C,
55,-5,6.4,24.6,T3TTemp C,
58,-5,6.4,24.6,T3TTemp C,
0,0,6.4,24.7,T3TTemp C,
5,0,6.4,24.7,T3TTemp C,
10,0,6.4,24.6,T3TTemp C,
15,0,6.4,19.2,T3TTemp C,
20,0,6.4,18.7,T3TTemp C,
25,0,6.4,18.9,T3TTemp C,
30,0,6.4,20.5,T3TTemp C,
35,0,6.4,21.2,T3TTemp C,
40,0,6.4,21.2,T3TTemp C,
45,0,6.4,20.9,T3TTemp C,
50,0,6.4,20.7,T3TTemp C,
55,0,6.4,22.5,T3TTemp C,
58,0,6.4,23.2,T3TTemp C,
0,5,6.4,23.8,T3TTemp C,
5,5,6.4,24.3,T3TTemp C,
10,5,6.4,24.2,T3TTemp C,
15,5,6.4,24.2,T3TTemp C,
20,5,6.4,19.2,T3TTemp C,
25,5,6.4,20.9,T3TTemp C,
30,5,6.4,19.5,T3TTemp C,
35,5,6.4,18.2,T3TTemp C,
40,5,6.4,20.6,T3TTemp C,
45,5,6.4,20.8,T3TTemp C,
50,5,6.4,21.1,T3TTemp C,
55,5,6.4,22,T3TTemp C,
58,5,6.4,20.8,T3TTemp C,
0,10,6.4,23.7,T3TTemp C,
5,10,6.4,24.4,T3TTemp C,
10,10,6.4,24.5,T3TTemp C,
15,10,6.4,24.2,T3TTemp C,
20,10,6.4,22,T3TTemp C,
25,10,6.4,21,T3TTemp C,
30,10,6.4,21.8,T3TTemp C,
35,10,6.4,19.6,T3TTemp C,
40,10,6.4,21.4,T3TTemp C,
45,10,6.4,21.6,T3TTemp C,
50,10,6.4,21.6,T3TTemp C,
55,10,6.4,23.1,T3TTemp C,
58,10,6.4,22.6,T3TTemp C,
0,15,6.4,23.5,T3TTemp C,
5,15,6.4,24.3,T3TTemp C,
10,15,6.4,24.3,T3TTemp C,
15,15,6.4,24.4,T3TTemp C,
20,15,6.4,23.2,T3TTemp C,
25,15,6.4,22.5,T3TTemp C,
30,15,6.4,22.1,T3TTemp C,
35,15,6.4,22.9,T3TTemp C,
40,15,6.4,23,T3TTemp C,
45,15,6.4,22.7,T3TTemp C,
50,15,6.4,22.6,T3TTemp C,
55,15,6.4,23.3,T3TTemp C,
58,15,6.4,23.6,T3TTemp C,
0,20,6.4,24.3,T3TTemp C,
5,20,6.4,24.5,T3TTemp C,
10,20,6.4,24.4,T3TTemp C,
15,20,6.4,24,T3TTemp C,
20,20,6.4,23,T3TTemp C,
25,20,6.4,23,T3TTemp C,
30,20,6.4,23.3,T3TTemp C,
35,20,6.4,22.7,T3TTemp C,
40,20,6.4,22.5,T3TTemp C,
45,20,6.4,23.1,T3TTemp C,
50,20,6.4,22.3,T3TTemp C,
55,20,6.4,22.6,T3TTemp C,
58,20,6.4,23.8,T3TTemp C,
0,25,6.4,24.5,T3TTemp C,
5,25,6.4,24.7,T3TTemp C,
10,25,6.4,24.6,T3TTemp C,
15,25,6.4,24.2,T3TTemp C,
20,25,6.4,23.3,T3TTemp C,
25,25,6.4,22.9,T3TTemp C,
30,25,6.4,23.2,T3TTemp C,
35,25,6.4,23.1,T3TTemp C,
40,25,6.4,23.2,T3TTemp C,
45,25,6.4,23.3,T3TTemp C,
50,25,6.4,23.6,T3TTemp C,
55,25,6.4,23.5,T3TTemp C,
58,25,6.4,23.8,T3TTemp C,
0,30,6.4,24.7,T3TTemp C,
5,30,6.4,25,T3TTemp C,
10,30,6.4,24.8,T3TTemp C,
15,30,6.4,24,T3TTemp C,
20,30,6.4,23.5,T3TTemp C,
25,30,6.4,23.4,T3TTemp C,
30,30,6.4,23.8,T3TTemp C,
35,30,6.4,23.9,T3TTemp C,
40,30,6.4,23.3,T3TTemp C,
45,30,6.4,23.7,T3TTemp C,
50,30,6.4,23.9,T3TTemp C,
55,30,6.4,24,T3TTemp C,
58,30,6.4,24.3,T3TTemp C,
0,35,6.4,24.8,T3TTemp C,
5,35,6.4,24.9,T3TTemp C,
10,35,6.4,24.8,T3TTemp C,
15,35,6.4,24.2,T3TTemp C,
20,35,6.4,24,T3TTemp C,
25,35,6.4,23.8,T3TTemp C,
30,35,6.4,23.9,T3TTemp C,
35,35,6.4,23.9,T3TTemp C,
40,35,6.4,23.6,T3TTemp C,
45,35,6.4,23.9,T3TTemp C,
50,35,6.4,23.9,T3TTemp C,
55,35,6.4,23.8,T3TTemp C,
58,35,6.4,24.1,T3TTemp C,
0,40,6.4,24.7,T3TTemp C,
5,40,6.4,24.8,T3TTemp C,
10,40,6.4,24.2,T3TTemp C,
15,40,6.4,24.3,T3TTemp C,
20,40,6.4,23.6,T3TTemp C,
25,40,6.4,23.8,T3TTemp C,
30,40,6.4,23.8,T3TTemp C,
35,40,6.4,23.6,T3TTemp C,
40,40,6.4,23.9,T3TTemp C,
45,40,6.4,24,T3TTemp C,
50,40,6.4,23.9,T3TTemp C,
55,40,6.4,24,T3TTemp C,
58,40,6.4,23.9,T3TTemp C,
0,45,6.4,24.6,T3TTemp C,
5,45,6.4,24.6,T3TTemp C,
10,45,6.4,24.4,T3TTemp C,
15,45,6.4,24.2,T3TTemp C,
20,45,6.4,23.8,T3TTemp C,
25,45,6.4,23.6,T3TTemp C,
30,45,6.4,23.5,T3TTemp C,
35,45,6.4,23.5,T3TTemp C,
40,45,6.4,23.8,T3TTemp C,
45,45,6.4,23.7,T3TTemp C,
50,45,6.4,23.9,T3TTemp C,
55,45,6.4,24,T3TTemp C,
58,45,6.4,24.1,T3TTemp C,
0,50,6.4,24.6,T3TTemp C,
5,50,6.4,24.6,T3TTemp C,
10,50,6.4,24.3,T3TTemp C,
15,50,6.4,24.3,T3TTemp C,
20,50,6.4,23.9,T3TTemp C,
25,50,6.4,23.8,T3TTemp C,
30,50,6.4,24,T3TTemp C,
35,50,6.4,23.8,T3TTemp C,
40,50,6.4,23.8,T3TTemp C,
45,50,6.4,24.1,T3TTemp C,
50,50,6.4,24.1,T3TTemp C,
55,50,6.4,24.2,T3TTemp C,
58,50,6.4,24.2,T3TTemp C,
0,-5,9.6,24.6,T4TTemp C,
5,-5,9.6,24.6,T4TTemp C,
10,-5,9.6,24.5,T4TTemp C,
15,-5,9.6,24.5,T4TTemp C,
20,-5,9.6,24.4,T4TTemp C,
25,-5,9.6,24.4,T4TTemp C,
30,-5,9.6,24.4,T4TTemp C,
35,-5,9.6,24.4,T4TTemp C,
40,-5,9.6,24.3,T4TTemp C,
45,-5,9.6,24.3,T4TTemp C,
50,-5,9.6,24.3,T4TTemp C,
55,-5,9.6,24.4,T4TTemp C,
58,-5,9.6,24.4,T4TTemp C,
0,0,9.6,24.4,T4TTemp C,
5,0,9.6,24.4,T4TTemp C,
10,0,9.6,24.4,T4TTemp C,
15,0,9.6,20.8,T4TTemp C,
20,0,9.6,19.9,T4TTemp C,
25,0,9.6,22.5,T4TTemp C,
30,0,9.6,21.1,T4TTemp C,
35,0,9.6,22.7,T4TTemp C,
40,0,9.6,23.4,T4TTemp C,
45,0,9.6,22.4,T4TTemp C,
50,0,9.6,22.3,T4TTemp C,
55,0,9.6,23.7,T4TTemp C,
58,0,9.6,22.8,T4TTemp C,
0,5,9.6,24.1,T4TTemp C,
5,5,9.6,24.5,T4TTemp C,
10,5,9.6,24.5,T4TTemp C,
15,5,9.6,24.5,T4TTemp C,
20,5,9.6,22.6,T4TTemp C,
25,5,9.6,22.7,T4TTemp C,
30,5,9.6,21.6,T4TTemp C,
35,5,9.6,21.6,T4TTemp C,
40,5,9.6,21.6,T4TTemp C,
45,5,9.6,21.7,T4TTemp C,
50,5,9.6,22.6,T4TTemp C,
55,5,9.6,23.6,T4TTemp C,
58,5,9.6,22.8,T4TTemp C,
0,10,9.6,24.4,T4TTemp C,
5,10,9.6,24.7,T4TTemp C,
10,10,9.6,24.7,T4TTemp C,
15,10,9.6,24.6,T4TTemp C,
20,10,9.6,23.4,T4TTemp C,
25,10,9.6,22.5,T4TTemp C,
30,10,9.6,22.8,T4TTemp C,
35,10,9.6,22.8,T4TTemp C,
40,10,9.6,22.7,T4TTemp C,
45,10,9.6,22.9,T4TTemp C,
50,10,9.6,23,T4TTemp C,
55,10,9.6,24.1,T4TTemp C,
58,10,9.6,23.5,T4TTemp C,
0,15,9.6,24.2,T4TTemp C,
5,15,9.6,24.4,T4TTemp C,
10,15,9.6,24.5,T4TTemp C,
15,15,9.6,24.5,T4TTemp C,
20,15,9.6,23.8,T4TTemp C,
25,15,9.6,23.5,T4TTemp C,
30,15,9.6,23.1,T4TTemp C,
35,15,9.6,23.3,T4TTemp C,
40,15,9.6,23.3,T4TTemp C,
45,15,9.6,22.9,T4TTemp C,
50,15,9.6,23.3,T4TTemp C,
55,15,9.6,23.8,T4TTemp C,
58,15,9.6,24.1,T4TTemp C,
0,20,9.6,24.4,T4TTemp C,
5,20,9.6,24.5,T4TTemp C,
10,20,9.6,24.5,T4TTemp C,
15,20,9.6,24.5,T4TTemp C,
20,20,9.6,23.9,T4TTemp C,
25,20,9.6,23.8,T4TTemp C,
30,20,9.6,24,T4TTemp C,
35,20,9.6,23.5,T4TTemp C,
40,20,9.6,23.4,T4TTemp C,
45,20,9.6,23.5,T4TTemp C,
50,20,9.6,23.5,T4TTemp C,
55,20,9.6,23.4,T4TTemp C,
58,20,9.6,24.1,T4TTemp C,
0,25,9.6,24.7,T4TTemp C,
5,25,9.6,24.8,T4TTemp C,
10,25,9.6,24.7,T4TTemp C,
15,25,9.6,24.5,T4TTemp C,
20,25,9.6,24.2,T4TTemp C,
25,25,9.6,23.5,T4TTemp C,
30,25,9.6,23.7,T4TTemp C,
35,25,9.6,23.5,T4TTemp C,
40,25,9.6,23.5,T4TTemp C,
45,25,9.6,23.8,T4TTemp C,
50,25,9.6,23.8,T4TTemp C,
55,25,9.6,23.9,T4TTemp C,
58,25,9.6,24.1,T4TTemp C,
0,30,9.6,24.8,T4TTemp C,
5,30,9.6,25,T4TTemp C,
10,30,9.6,25,T4TTemp C,
15,30,9.6,24.9,T4TTemp C,
20,30,9.6,24.3,T4TTemp C,
25,30,9.6,24.1,T4TTemp C,
30,30,9.6,24.1,T4TTemp C,
35,30,9.6,24.3,T4TTemp C,
40,30,9.6,23.9,T4TTemp C,
45,30,9.6,24,T4TTemp C,
50,30,9.6,24.1,T4TTemp C,
55,30,9.6,24.2,T4TTemp C,
58,30,9.6,24.5,T4TTemp C,
0,35,9.6,24.8,T4TTemp C,
5,35,9.6,24.9,T4TTemp C,
10,35,9.6,24.9,T4TTemp C,
15,35,9.6,24.5,T4TTemp C,
20,35,9.6,24.3,T4TTemp C,
25,35,9.6,24.1,T4TTemp C,
30,35,9.6,24.1,T4TTemp C,
35,35,9.6,23.9,T4TTemp C,
40,35,9.6,23.6,T4TTemp C,
45,35,9.6,23.8,T4TTemp C,
50,35,9.6,23.9,T4TTemp C,
55,35,9.6,23.9,T4TTemp C,
58,35,9.6,24.2,T4TTemp C,
0,40,9.6,24.5,T4TTemp C,
5,40,9.6,24.6,T4TTemp C,
10,40,9.6,24.4,T4TTemp C,
15,40,9.6,24.5,T4TTemp C,
20,40,9.6,23.8,T4TTemp C,
25,40,9.6,23.9,T4TTemp C,
30,40,9.6,23.9,T4TTemp C,
35,40,9.6,23.7,T4TTemp C,
40,40,9.6,23.8,T4TTemp C,
45,40,9.6,23.9,T4TTemp C,
50,40,9.6,23.8,T4TTemp C,
55,40,9.6,23.9,T4TTemp C,
58,40,9.6,23.8,T4TTemp C,
0,45,9.6,24.4,T4TTemp C,
5,45,9.6,24.5,T4TTemp C,
10,45,9.6,24.4,T4TTemp C,
15,45,9.6,24.3,T4TTemp C,
20,45,9.6,24.1,T4TTemp C,
25,45,9.6,23.8,T4TTemp C,
30,45,9.6,23.6,T4TTemp C,
35,45,9.6,23.6,T4TTemp C,
40,45,9.6,23.7,T4TTemp C,
45,45,9.6,23.7,T4TTemp C,
50,45,9.6,23.8,T4TTemp C,
55,45,9.6,23.8,T4TTemp C,
58,45,9.6,24,T4TTemp C,
0,50,9.6,24.4,T4TTemp C,
5,50,9.6,24.5,T4TTemp C,
10,50,9.6,24.4,T4TTemp C,
15,50,9.6,24.4,T4TTemp C,
20,50,9.6,24.1,T4TTemp C,
25,50,9.6,24,T4TTemp C,
30,50,9.6,24.2,T4TTemp C,
35,50,9.6,23.8,T4TTemp C,
40,50,9.6,23.8,T4TTemp C,
45,50,9.6,24,T4TTemp C,
50,50,9.6,23.9,T4TTemp C,
55,50,9.6,24.1,T4TTemp C,
58,50,9.6,24.2,T4TTemp C,
0,-5,12.8,24.7,T5TTemp C,
5,-5,12.8,24.7,T5TTemp C,
10,-5,12.8,24.7,T5TTemp C,
15,-5,12.8,24.7,T5TTemp C,
20,-5,12.8,24.6,T5TTemp C,
25,-5,12.8,24.6,T5TTemp C,
30,-5,12.8,24.6,T5TTemp C,
35,-5,12.8,24.6,T5TTemp C,
40,-5,12.8,24.6,T5TTemp C,
45,-5,12.8,24.6,T5TTemp C,
50,-5,12.8,24.6,T5TTemp C,
55,-5,12.8,24.7,T5TTemp C,
58,-5,12.8,24.7,T5TTemp C,
0,0,12.8,24.7,T5TTemp C,
5,0,12.8,24.7,T5TTemp C,
10,0,12.8,24.7,T5TTemp C,
15,0,12.8,24.3,T5TTemp C,
20,0,12.8,23.5,T5TTemp C,
25,0,12.8,24.3,T5TTemp C,
30,0,12.8,23.9,T5TTemp C,
35,0,12.8,24.2,T5TTemp C,
40,0,12.8,24.4,T5TTemp C,
45,0,12.8,24.2,T5TTemp C,
50,0,12.8,23.9,T5TTemp C,
55,0,12.8,24.4,T5TTemp C,
58,0,12.8,23.6,T5TTemp C,
0,5,12.8,24.4,T5TTemp C,
5,5,12.8,24.6,T5TTemp C,
10,5,12.8,24.6,T5TTemp C,
15,5,12.8,24.5,T5TTemp C,
20,5,12.8,23.9,T5TTemp C,
25,5,12.8,23.8,T5TTemp C,
30,5,12.8,23.2,T5TTemp C,
35,5,12.8,23.8,T5TTemp C,
40,5,12.8,23.1,T5TTemp C,
45,5,12.8,23,T5TTemp C,
50,5,12.8,23.4,T5TTemp C,
55,5,12.8,24.3,T5TTemp C,
58,5,12.8,24.2,T5TTemp C,
0,10,12.8,24.6,T5TTemp C,
5,10,12.8,24.7,T5TTemp C,
10,10,12.8,24.7,T5TTemp C,
15,10,12.8,24.6,T5TTemp C,
20,10,12.8,24.1,T5TTemp C,
25,10,12.8,23.3,T5TTemp C,
30,10,12.8,23.8,T5TTemp C,
35,10,12.8,23.6,T5TTemp C,
40,10,12.8,23.3,T5TTemp C,
45,10,12.8,23.6,T5TTemp C,
50,10,12.8,23.6,T5TTemp C,
55,10,12.8,24.3,T5TTemp C,
58,10,12.8,24.1,T5TTemp C,
0,15,12.8,24.4,T5TTemp C,
5,15,12.8,24.6,T5TTemp C,
10,15,12.8,24.5,T5TTemp C,
15,15,12.8,24.5,T5TTemp C,
20,15,12.8,24.1,T5TTemp C,
25,15,12.8,24.1,T5TTemp C,
30,15,12.8,23.5,T5TTemp C,
35,15,12.8,24,T5TTemp C,
40,15,12.8,23.9,T5TTemp C,
45,15,12.8,23.3,T5TTemp C,
50,15,12.8,23.8,T5TTemp C,
55,15,12.8,24.2,T5TTemp C,
58,15,12.8,24.2,T5TTemp C,
0,20,12.8,24.5,T5TTemp C,
5,20,12.8,24.5,T5TTemp C,
10,20,12.8,24.6,T5TTemp C,
15,20,12.8,24.6,T5TTemp C,
20,20,12.8,24.3,T5TTemp C,
25,20,12.8,24.1,T5TTemp C,
30,20,12.8,24.4,T5TTemp C,
35,20,12.8,23.9,T5TTemp C,
40,20,12.8,23.7,T5TTemp C,
45,20,12.8,23.9,T5TTemp C,
50,20,12.8,23.8,T5TTemp C,
55,20,12.8,23.8,T5TTemp C,
58,20,12.8,24.3,T5TTemp C,
0,25,12.8,24.8,T5TTemp C,
5,25,12.8,24.8,T5TTemp C,
10,25,12.8,24.8,T5TTemp C,
15,25,12.8,24.7,T5TTemp C,
20,25,12.8,24.5,T5TTemp C,
25,25,12.8,24.2,T5TTemp C,
30,25,12.8,24.2,T5TTemp C,
35,25,12.8,24,T5TTemp C,
40,25,12.8,23.9,T5TTemp C,
45,25,12.8,24.1,T5TTemp C,
50,25,12.8,24.1,T5TTemp C,
55,25,12.8,24.2,T5TTemp C,
58,25,12.8,24.4,T5TTemp C,
0,30,12.8,24.9,T5TTemp C,
5,30,12.8,25.1,T5TTemp C,
10,30,12.8,25.1,T5TTemp C,
15,30,12.8,25,T5TTemp C,
20,30,12.8,24.8,T5TTemp C,
25,30,12.8,24.7,T5TTemp C,
30,30,12.8,24.5,T5TTemp C,
35,30,12.8,24.7,T5TTemp C,
40,30,12.8,24.1,T5TTemp C,
45,30,12.8,24.2,T5TTemp C,
50,30,12.8,24.4,T5TTemp C,
55,30,12.8,24.6,T5TTemp C,
58,30,12.8,24.7,T5TTemp C,
0,35,12.8,24.9,T5TTemp C,
5,35,12.8,25,T5TTemp C,
10,35,12.8,24.9,T5TTemp C,
15,35,12.8,24.8,T5TTemp C,
20,35,12.8,24.6,T5TTemp C,
25,35,12.8,24.6,T5TTemp C,
30,35,12.8,24.5,T5TTemp C,
35,35,12.8,24.2,T5TTemp C,
40,35,12.8,24,T5TTemp C,
45,35,12.8,24.1,T5TTemp C,
50,35,12.8,24.3,T5TTemp C,
55,35,12.8,24.5,T5TTemp C,
58,35,12.8,24.5,T5TTemp C,
0,40,12.8,24.8,T5TTemp C,
5,40,12.8,24.8,T5TTemp C,
10,40,12.8,24.6,T5TTemp C,
15,40,12.8,24.8,T5TTemp C,
20,40,12.8,24.4,T5TTemp C,
25,40,12.8,24.3,T5TTemp C,
30,40,12.8,24.4,T5TTemp C,
35,40,12.8,24.2,T5TTemp C,
40,40,12.8,24.2,T5TTemp C,
45,40,12.8,24.1,T5TTemp C,
50,40,12.8,24.1,T5TTemp C,
55,40,12.8,24.3,T5TTemp C,
58,40,12.8,24.1,T5TTemp C,
0,45,12.8,24.7,T5TTemp C,
5,45,12.8,24.7,T5TTemp C,
10,45,12.8,24.7,T5TTemp C,
15,45,12.8,24.7,T5TTemp C,
20,45,12.8,24.5,T5TTemp C,
25,45,12.8,24.4,T5TTemp C,
30,45,12.8,24.1,T5TTemp C,
35,45,12.8,24.1,T5TTemp C,
40,45,12.8,24.1,T5TTemp C,
45,45,12.8,23.9,T5TTemp C,
50,45,12.8,24.1,T5TTemp C,
55,45,12.8,24.1,T5TTemp C,
58,45,12.8,24.3,T5TTemp C,
0,50,12.8,24.6,T5TTemp C,
5,50,12.8,24.7,T5TTemp C,
10,50,12.8,24.7,T5TTemp C,
15,50,12.8,24.7,T5TTemp C,
20,50,12.8,24.6,T5TTemp C,
25,50,12.8,24.5,T5TTemp C,
30,50,12.8,24.7,T5TTemp C,
35,50,12.8,24.3,T5TTemp C,
40,50,12.8,24.2,T5TTemp C,
45,50,12.8,24.3,T5TTemp C,
50,50,12.8,24.3,T5TTemp C,
55,50,12.8,24.4,T5TTemp C,
58,50,12.8,24.4,T5TTemp C,
0,-5,16,24.6,T6TTemp C,
5,-5,16,24.7,T6TTemp C,
10,-5,16,24.6,T6TTemp C,
15,-5,16,24.6,T6TTemp C,
20,-5,16,24.5,T6TTemp C,
25,-5,16,24.5,T6TTemp C,
30,-5,16,24.5,T6TTemp C,
35,-5,16,24.5,T6TTemp C,
40,-5,16,24.4,T6TTemp C,
45,-5,16,24.4,T6TTemp C,
50,-5,16,24.4,T6TTemp C,
55,-5,16,24.5,T6TTemp C,
58,-5,16,24.4,T6TTemp C,
0,0,16,24.5,T6TTemp C,
5,0,16,24.5,T6TTemp C,
10,0,16,24.5,T6TTemp C,
15,0,16,24.5,T6TTemp C,
20,0,16,24.5,T6TTemp C,
25,0,16,24.6,T6TTemp C,
30,0,16,24.6,T6TTemp C,
35,0,16,24.6,T6TTemp C,
40,0,16,24.6,T6TTemp C,
45,0,16,24.6,T6TTemp C,
50,0,16,24.6,T6TTemp C,
55,0,16,24.6,T6TTemp C,
58,0,16,24.5,T6TTemp C,
0,5,16,24.6,T6TTemp C,
5,5,16,24.7,T6TTemp C,
10,5,16,24.7,T6TTemp C,
15,5,16,24.7,T6TTemp C,
20,5,16,24.7,T6TTemp C,
25,5,16,24.8,T6TTemp C,
30,5,16,24.7,T6TTemp C,
35,5,16,24.8,T6TTemp C,
40,5,16,24.8,T6TTemp C,
45,5,16,24.5,T6TTemp C,
50,5,16,24.7,T6TTemp C,
55,5,16,24.8,T6TTemp C,
58,5,16,24.7,T6TTemp C,
0,10,16,24.9,T6TTemp C,
5,10,16,24.9,T6TTemp C,
10,10,16,24.8,T6TTemp C,
15,10,16,24.8,T6TTemp C,
20,10,16,24.8,T6TTemp C,
25,10,16,24.4,T6TTemp C,
30,10,16,24.6,T6TTemp C,
35,10,16,24.6,T6TTemp C,
40,10,16,24.4,T6TTemp C,
45,10,16,24.6,T6TTemp C,
50,10,16,24.7,T6TTemp C,
55,10,16,24.6,T6TTemp C,
58,10,16,24.6,T6TTemp C,
0,15,16,24.7,T6TTemp C,
5,15,16,24.6,T6TTemp C,
10,15,16,24.6,T6TTemp C,
15,15,16,24.6,T6TTemp C,
20,15,16,24.5,T6TTemp C,
25,15,16,24.5,T6TTemp C,
30,15,16,24.3,T6TTemp C,
35,15,16,24.6,T6TTemp C,
40,15,16,24.6,T6TTemp C,
45,15,16,24.4,T6TTemp C,
50,15,16,24.5,T6TTemp C,
55,15,16,24.4,T6TTemp C,
58,15,16,24.4,T6TTemp C,
0,20,16,24.6,T6TTemp C,
5,20,16,24.6,T6TTemp C,
10,20,16,24.6,T6TTemp C,
15,20,16,24.7,T6TTemp C,
20,20,16,24.6,T6TTemp C,
25,20,16,24.6,T6TTemp C,
30,20,16,24.8,T6TTemp C,
35,20,16,24.7,T6TTemp C,
40,20,16,24.4,T6TTemp C,
45,20,16,24.7,T6TTemp C,
50,20,16,24.4,T6TTemp C,
55,20,16,24.4,T6TTemp C,
58,20,16,24.7,T6TTemp C,
0,25,16,24.9,T6TTemp C,
5,25,16,24.8,T6TTemp C,
10,25,16,24.9,T6TTemp C,
15,25,16,24.8,T6TTemp C,
20,25,16,24.6,T6TTemp C,
25,25,16,24.5,T6TTemp C,
30,25,16,24.8,T6TTemp C,
35,25,16,24.5,T6TTemp C,
40,25,16,24.4,T6TTemp C,
45,25,16,24.3,T6TTemp C,
50,25,16,24.6,T6TTemp C,
55,25,16,24.6,T6TTemp C,
58,25,16,24.7,T6TTemp C,
0,30,16,25.1,T6TTemp C,
5,30,16,25.1,T6TTemp C,
10,30,16,25.1,T6TTemp C,
15,30,16,25.2,T6TTemp C,
20,30,16,25.1,T6TTemp C,
25,30,16,25,T6TTemp C,
30,30,16,24.8,T6TTemp C,
35,30,16,25,T6TTemp C,
40,30,16,24.4,T6TTemp C,
45,30,16,24.4,T6TTemp C,
50,30,16,24.6,T6TTemp C,
55,30,16,24.8,T6TTemp C,
58,30,16,24.7,T6TTemp C,
0,35,16,24.9,T6TTemp C,
5,35,16,24.9,T6TTemp C,
10,35,16,24.9,T6TTemp C,
15,35,16,24.9,T6TTemp C,
20,35,16,24.7,T6TTemp C,
25,35,16,24.7,T6TTemp C,
30,35,16,24.7,T6TTemp C,
35,35,16,24.3,T6TTemp C,
40,35,16,24.3,T6TTemp C,
45,35,16,24.2,T6TTemp C,
50,35,16,24.5,T6TTemp C,
55,35,16,24.6,T6TTemp C,
58,35,16,24.5,T6TTemp C,
0,40,16,24.7,T6TTemp C,
5,40,16,24.7,T6TTemp C,
10,40,16,24.6,T6TTemp C,
15,40,16,24.6,T6TTemp C,
20,40,16,24.6,T6TTemp C,
25,40,16,24.5,T6TTemp C,
30,40,16,24.5,T6TTemp C,
35,40,16,24.3,T6TTemp C,
40,40,16,24.3,T6TTemp C,
45,40,16,24.2,T6TTemp C,
50,40,16,24.3,T6TTemp C,
55,40,16,24.4,T6TTemp C,
58,40,16,24,T6TTemp C,
0,45,16,24.5,T6TTemp C,
5,45,16,24.5,T6TTemp C,
10,45,16,24.5,T6TTemp C,
15,45,16,24.5,T6TTemp C,
20,45,16,24.4,T6TTemp C,
25,45,16,24.3,T6TTemp C,
30,45,16,24.3,T6TTemp C,
35,45,16,24,T6TTemp C,
40,45,16,24.2,T6TTemp C,
45,45,16,23.9,T6TTemp C,
50,45,16,24.1,T6TTemp C,
55,45,16,24.1,T6TTemp C,
58,45,16,24.3,T6TTemp C,
0,50,16,24.5,T6TTemp C,
5,50,16,24.6,T6TTemp C,
10,50,16,24.6,T6TTemp C,
15,50,16,24.6,T6TTemp C,
20,50,16,24.6,T6TTemp C,
25,50,16,24.5,T6TTemp C,
30,50,16,24.6,T6TTemp C,
35,50,16,24.2,T6TTemp C,
40,50,16,24.3,T6TTemp C,
45,50,16,24.3,T6TTemp C,
50,50,16,24.3,T6TTemp C,
55,50,16,24.2,T6TTemp C,
58,50,16,24.4,T6TTemp C,
0,-5,19.2,24.7,T7TTemp C,
5,-5,19.2,24.7,T7TTemp C,
10,-5,19.2,24.7,T7TTemp C,
15,-5,19.2,24.7,T7TTemp C,
20,-5,19.2,24.6,T7TTemp C,
25,-5,19.2,24.6,T7TTemp C,
30,-5,19.2,24.6,T7TTemp C,
35,-5,19.2,24.6,T7TTemp C,
40,-5,19.2,24.6,T7TTemp C,
45,-5,19.2,24.6,T7TTemp C,
50,-5,19.2,24.7,T7TTemp C,
55,-5,19.2,24.7,T7TTemp C,
58,-5,19.2,24.7,T7TTemp C,
0,0,19.2,24.8,T7TTemp C,
5,0,19.2,24.8,T7TTemp C,
10,0,19.2,24.8,T7TTemp C,
15,0,19.2,24.8,T7TTemp C,
20,0,19.2,24.8,T7TTemp C,
25,0,19.2,24.9,T7TTemp C,
30,0,19.2,24.8,T7TTemp C,
35,0,19.2,24.8,T7TTemp C,
40,0,19.2,24.8,T7TTemp C,
45,0,19.2,24.9,T7TTemp C,
50,0,19.2,24.9,T7TTemp C,
55,0,19.2,25,T7TTemp C,
58,0,19.2,24.9,T7TTemp C,
0,5,19.2,25,T7TTemp C,
5,5,19.2,25.1,T7TTemp C,
10,5,19.2,25.1,T7TTemp C,
15,5,19.2,25,T7TTemp C,
20,5,19.2,25.1,T7TTemp C,
25,5,19.2,25.1,T7TTemp C,
30,5,19.2,25.1,T7TTemp C,
35,5,19.2,25.1,T7TTemp C,
40,5,19.2,25.1,T7TTemp C,
45,5,19.2,25.1,T7TTemp C,
50,5,19.2,25.1,T7TTemp C,
55,5,19.2,25.1,T7TTemp C,
58,5,19.2,25.1,T7TTemp C,
0,10,19.2,25.1,T7TTemp C,
5,10,19.2,25.1,T7TTemp C,
10,10,19.2,25.1,T7TTemp C,
15,10,19.2,25,T7TTemp C,
20,10,19.2,25,T7TTemp C,
25,10,19.2,25,T7TTemp C,
30,10,19.2,24.9,T7TTemp C,
35,10,19.2,24.9,T7TTemp C,
40,10,19.2,24.9,T7TTemp C,
45,10,19.2,24.9,T7TTemp C,
50,10,19.2,24.9,T7TTemp C,
55,10,19.2,24.8,T7TTemp C,
58,10,19.2,24.8,T7TTemp C,
0,15,19.2,24.8,T7TTemp C,
5,15,19.2,24.8,T7TTemp C,
10,15,19.2,24.7,T7TTemp C,
15,15,19.2,24.7,T7TTemp C,
20,15,19.2,24.7,T7TTemp C,
25,15,19.2,24.7,T7TTemp C,
30,15,19.2,24.7,T7TTemp C,
35,15,19.2,24.7,T7TTemp C,
40,15,19.2,24.6,T7TTemp C,
45,15,19.2,24.6,T7TTemp C,
50,15,19.2,24.6,T7TTemp C,
55,15,19.2,24.5,T7TTemp C,
58,15,19.2,24.5,T7TTemp C,
0,20,19.2,24.6,T7TTemp C,
5,20,19.2,24.6,T7TTemp C,
10,20,19.2,24.6,T7TTemp C,
15,20,19.2,24.6,T7TTemp C,
20,20,19.2,24.6,T7TTemp C,
25,20,19.2,24.6,T7TTemp C,
30,20,19.2,24.7,T7TTemp C,
35,20,19.2,24.7,T7TTemp C,
40,20,19.2,24.6,T7TTemp C,
45,20,19.2,24.7,T7TTemp C,
50,20,19.2,24.6,T7TTemp C,
55,20,19.2,24.6,T7TTemp C,
58,20,19.2,24.7,T7TTemp C,
0,25,19.2,24.8,T7TTemp C,
5,25,19.2,24.8,T7TTemp C,
10,25,19.2,24.8,T7TTemp C,
15,25,19.2,24.8,T7TTemp C,
20,25,19.2,24.8,T7TTemp C,
25,25,19.2,24.7,T7TTemp C,
30,25,19.2,24.8,T7TTemp C,
35,25,19.2,24.9,T7TTemp C,
40,25,19.2,24.7,T7TTemp C,
45,25,19.2,24.6,T7TTemp C,
50,25,19.2,24.9,T7TTemp C,
55,25,19.2,24.8,T7TTemp C,
58,25,19.2,24.9,T7TTemp C,
0,30,19.2,25,T7TTemp C,
5,30,19.2,25.1,T7TTemp C,
10,30,19.2,25.1,T7TTemp C,
15,30,19.2,25.2,T7TTemp C,
20,30,19.2,25.2,T7TTemp C,
25,30,19.2,25.1,T7TTemp C,
30,30,19.2,25.1,T7TTemp C,
35,30,19.2,25.1,T7TTemp C,
40,30,19.2,24.7,T7TTemp C,
45,30,19.2,24.8,T7TTemp C,
50,30,19.2,24.9,T7TTemp C,
55,30,19.2,24.9,T7TTemp C,
58,30,19.2,24.8,T7TTemp C,
0,35,19.2,24.9,T7TTemp C,
5,35,19.2,24.9,T7TTemp C,
10,35,19.2,24.9,T7TTemp C,
15,35,19.2,24.9,T7TTemp C,
20,35,19.2,24.9,T7TTemp C,
25,35,19.2,24.9,T7TTemp C,
30,35,19.2,24.8,T7TTemp C,
35,35,19.2,24.7,T7TTemp C,
40,35,19.2,24.7,T7TTemp C,
45,35,19.2,24.6,T7TTemp C,
50,35,19.2,24.7,T7TTemp C,
55,35,19.2,24.7,T7TTemp C,
58,35,19.2,24.6,T7TTemp C,
0,40,19.2,24.7,T7TTemp C,
5,40,19.2,24.7,T7TTemp C,
10,40,19.2,24.7,T7TTemp C,
15,40,19.2,24.7,T7TTemp C,
20,40,19.2,24.7,T7TTemp C,
25,40,19.2,24.7,T7TTemp C,
30,40,19.2,24.7,T7TTemp C,
35,40,19.2,24.6,T7TTemp C,
40,40,19.2,24.6,T7TTemp C,
45,40,19.2,24.4,T7TTemp C,
50,40,19.2,24.5,T7TTemp C,
55,40,19.2,24.5,T7TTemp C,
58,40,19.2,24.3,T7TTemp C,
0,45,19.2,24.5,T7TTemp C,
5,45,19.2,24.6,T7TTemp C,
10,45,19.2,24.6,T7TTemp C,
15,45,19.2,24.6,T7TTemp C,
20,45,19.2,24.5,T7TTemp C,
25,45,19.2,24.4,T7TTemp C,
30,45,19.2,24.4,T7TTemp C,
35,45,19.2,24.3,T7TTemp C,
40,45,19.2,24.4,T7TTemp C,
45,45,19.2,24.3,T7TTemp C,
50,45,19.2,24.3,T7TTemp C,
55,45,19.2,24.3,T7TTemp C,
58,45,19.2,24.3,T7TTemp C,
0,50,19.2,24.5,T7TTemp C,
5,50,19.2,24.6,T7TTemp C,
10,50,19.2,24.6,T7TTemp C,
15,50,19.2,24.6,T7TTemp C,
20,50,19.2,24.6,T7TTemp C,
25,50,19.2,24.6,T7TTemp C,
30,50,19.2,24.6,T7TTemp C,
35,50,19.2,24.4,T7TTemp C,
40,50,19.2,24.6,T7TTemp C,
45,50,19.2,24.5,T7TTemp C,
50,50,19.2,24.4,T7TTemp C,
55,50,19.2,24.4,T7TTemp C,
58,50,19.2,24.4,T7TTemp C,
0,-5,22.4,24.7,T8TTemp C,
5,-5,22.4,24.8,T8TTemp C,
10,-5,22.4,24.7,T8TTemp C,
15,-5,22.4,24.7,T8TTemp C,
20,-5,22.4,24.6,T8TTemp C,
25,-5,22.4,24.6,T8TTemp C,
30,-5,22.4,24.6,T8TTemp C,
35,-5,22.4,24.7,T8TTemp C,
40,-5,22.4,24.6,T8TTemp C,
45,-5,22.4,24.6,T8TTemp C,
50,-5,22.4,24.6,T8TTemp C,
55,-5,22.4,24.7,T8TTemp C,
58,-5,22.4,24.7,T8TTemp C,
0,0,22.4,24.7,T8TTemp C,
5,0,22.4,24.7,T8TTemp C,
10,0,22.4,24.8,T8TTemp C,
15,0,22.4,24.7,T8TTemp C,
20,0,22.4,24.8,T8TTemp C,
25,0,22.4,24.7,T8TTemp C,
30,0,22.4,24.9,T8TTemp C,
35,0,22.4,24.9,T8TTemp C,
40,0,22.4,24.9,T8TTemp C,
45,0,22.4,25,T8TTemp C,
50,0,22.4,24.9,T8TTemp C,
55,0,22.4,25,T8TTemp C,
58,0,22.4,25,T8TTemp C,
0,5,22.4,25,T8TTemp C,
5,5,22.4,25.1,T8TTemp C,
10,5,22.4,25.1,T8TTemp C,
15,5,22.4,25.1,T8TTemp C,
20,5,22.4,25.1,T8TTemp C,
25,5,22.4,25.2,T8TTemp C,
30,5,22.4,25.2,T8TTemp C,
35,5,22.4,25.2,T8TTemp C,
40,5,22.4,25.2,T8TTemp C,
45,5,22.4,25.2,T8TTemp C,
50,5,22.4,25.2,T8TTemp C,
55,5,22.4,25.2,T8TTemp C,
58,5,22.4,25.2,T8TTemp C,
0,10,22.4,25.3,T8TTemp C,
5,10,22.4,25.2,T8TTemp C,
10,10,22.4,25.2,T8TTemp C,
15,10,22.4,25.1,T8TTemp C,
20,10,22.4,25.1,T8TTemp C,
25,10,22.4,25.1,T8TTemp C,
30,10,22.4,25.1,T8TTemp C,
35,10,22.4,25,T8TTemp C,
40,10,22.4,25,T8TTemp C,
45,10,22.4,25,T8TTemp C,
50,10,22.4,24.9,T8TTemp C,
55,10,22.4,24.9,T8TTemp C,
58,10,22.4,24.9,T8TTemp C,
0,15,22.4,24.8,T8TTemp C,
5,15,22.4,24.8,T8TTemp C,
10,15,22.4,24.8,T8TTemp C,
15,15,22.4,24.8,T8TTemp C,
20,15,22.4,24.8,T8TTemp C,
25,15,22.4,24.8,T8TTemp C,
30,15,22.4,24.7,T8TTemp C,
35,15,22.4,24.7,T8TTemp C,
40,15,22.4,24.7,T8TTemp C,
45,15,22.4,24.7,T8TTemp C,
50,15,22.4,24.7,T8TTemp C,
55,15,22.4,24.6,T8TTemp C,
58,15,22.4,24.6,T8TTemp C,
0,20,22.4,24.6,T8TTemp C,
5,20,22.4,24.6,T8TTemp C,
10,20,22.4,24.6,T8TTemp C,
15,20,22.4,24.7,T8TTemp C,
20,20,22.4,24.7,T8TTemp C,
25,20,22.4,24.7,T8TTemp C,
30,20,22.4,24.7,T8TTemp C,
35,20,22.4,24.8,T8TTemp C,
40,20,22.4,24.8,T8TTemp C,
45,20,22.4,24.8,T8TTemp C,
50,20,22.4,24.7,T8TTemp C,
55,20,22.4,24.8,T8TTemp C,
58,20,22.4,24.8,T8TTemp C,
0,25,22.4,24.8,T8TTemp C,
5,25,22.4,24.8,T8TTemp C,
10,25,22.4,24.9,T8TTemp C,
15,25,22.4,24.9,T8TTemp C,
20,25,22.4,24.9,T8TTemp C,
25,25,22.4,24.8,T8TTemp C,
30,25,22.4,25,T8TTemp C,
35,25,22.4,25,T8TTemp C,
40,25,22.4,24.9,T8TTemp C,
45,25,22.4,24.9,T8TTemp C,
50,25,22.4,25,T8TTemp C,
55,25,22.4,25,T8TTemp C,
58,25,22.4,25,T8TTemp C,
0,30,22.4,25.1,T8TTemp C,
5,30,22.4,25.1,T8TTemp C,
10,30,22.4,25.1,T8TTemp C,
15,30,22.4,25.2,T8TTemp C,
20,30,22.4,25.2,T8TTemp C,
25,30,22.4,25.2,T8TTemp C,
30,30,22.4,25,T8TTemp C,
35,30,22.4,25.1,T8TTemp C,
40,30,22.4,24.9,T8TTemp C,
45,30,22.4,24.9,T8TTemp C,
50,30,22.4,24.9,T8TTemp C,
55,30,22.4,24.9,T8TTemp C,
58,30,22.4,24.8,T8TTemp C,
0,35,22.4,24.8,T8TTemp C,
5,35,22.4,24.8,T8TTemp C,
10,35,22.4,24.8,T8TTemp C,
15,35,22.4,24.8,T8TTemp C,
20,35,22.4,24.8,T8TTemp C,
25,35,22.4,24.7,T8TTemp C,
30,35,22.4,24.7,T8TTemp C,
35,35,22.4,24.7,T8TTemp C,
40,35,22.4,24.7,T8TTemp C,
45,35,22.4,24.7,T8TTemp C,
50,35,22.4,24.7,T8TTemp C,
55,35,22.4,24.5,T8TTemp C,
58,35,22.4,24.5,T8TTemp C,
0,40,22.4,24.5,T8TTemp C,
5,40,22.4,24.5,T8TTemp C,
10,40,22.4,24.5,T8TTemp C,
15,40,22.4,24.5,T8TTemp C,
20,40,22.4,24.5,T8TTemp C,
25,40,22.4,24.4,T8TTemp C,
30,40,22.4,24.4,T8TTemp C,
35,40,22.4,24.4,T8TTemp C,
40,40,22.4,24.4,T8TTemp C,
45,40,22.4,24.3,T8TTemp C,
50,40,22.4,24.4,T8TTemp C,
55,40,22.4,24.3,T8TTemp C,
58,40,22.4,24.1,T8TTemp C,
0,45,22.4,24.3,T8TTemp C,
5,45,22.4,24.3,T8TTemp C,
10,45,22.4,24.3,T8TTemp C,
15,45,22.4,24.3,T8TTemp C,
20,45,22.4,24.2,T8TTemp C,
25,45,22.4,24.2,T8TTemp C,
30,45,22.4,24.2,T8TTemp C,
35,45,22.4,24.2,T8TTemp C,
40,45,22.4,24.2,T8TTemp C,
45,45,22.4,24.1,T8TTemp C,
50,45,22.4,24.2,T8TTemp C,
55,45,22.4,24.1,T8TTemp C,
58,45,22.4,24.1,T8TTemp C,
0,50,22.4,24.2,T8TTemp C,
5,50,22.4,24.3,T8TTemp C,
10,50,22.4,24.4,T8TTemp C,
15,50,22.4,24.4,T8TTemp C,
20,50,22.4,24.4,T8TTemp C,
25,50,22.4,24.4,T8TTemp C,
30,50,22.4,24.4,T8TTemp C,
35,50,22.4,24.3,T8TTemp C,
40,50,22.4,24.4,T8TTemp C,
45,50,22.4,24.4,T8TTemp C,
50,50,22.4,24.3,T8TTemp C,
55,50,22.4,24.2,T8TTemp C,
58,50,22.4,24.3,T8TTemp C,
0,-5,25.6,24.6,T9TTemp C,
5,-5,25.6,24.6,T9TTemp C,
10,-5,25.6,24.5,T9TTemp C,
15,-5,25.6,24.6,T9TTemp C,
20,-5,25.6,24.5,T9TTemp C,
25,-5,25.6,24.5,T9TTemp C,
30,-5,25.6,24.5,T9TTemp C,
35,-5,25.6,24.6,T9TTemp C,
40,-5,25.6,24.4,T9TTemp C,
45,-5,25.6,24.6,T9TTemp C,
50,-5,25.6,24.6,T9TTemp C,
55,-5,25.6,24.5,T9TTemp C,
58,-5,25.6,24.6,T9TTemp C,
0,0,25.6,24.6,T9TTemp C,
5,0,25.6,24.6,T9TTemp C,
10,0,25.6,24.7,T9TTemp C,
15,0,25.6,24.7,T9TTemp C,
20,0,25.6,24.6,T9TTemp C,
25,0,25.6,24.6,T9TTemp C,
30,0,25.6,24.8,T9TTemp C,
35,0,25.6,24.8,T9TTemp C,
40,0,25.6,24.8,T9TTemp C,
45,0,25.6,24.8,T9TTemp C,
50,0,25.6,24.8,T9TTemp C,
55,0,25.6,24.9,T9TTemp C,
58,0,25.6,24.9,T9TTemp C,
0,5,25.6,24.9,T9TTemp C,
5,5,25.6,25,T9TTemp C,
10,5,25.6,25,T9TTemp C,
15,5,25.6,25,T9TTemp C,
20,5,25.6,25,T9TTemp C,
25,5,25.6,25.1,T9TTemp C,
30,5,25.6,25.1,T9TTemp C,
35,5,25.6,25,T9TTemp C,
40,5,25.6,25,T9TTemp C,
45,5,25.6,25,T9TTemp C,
50,5,25.6,25,T9TTemp C,
55,5,25.6,25,T9TTemp C,
58,5,25.6,25,T9TTemp C,
0,10,25.6,25.1,T9TTemp C,
5,10,25.6,25.1,T9TTemp C,
10,10,25.6,25,T9TTemp C,
15,10,25.6,25,T9TTemp C,
20,10,25.6,24.9,T9TTemp C,
25,10,25.6,24.9,T9TTemp C,
30,10,25.6,24.9,T9TTemp C,
35,10,25.6,24.9,T9TTemp C,
40,10,25.6,24.8,T9TTemp C,
45,10,25.6,24.8,T9TTemp C,
50,10,25.6,24.8,T9TTemp C,
55,10,25.6,24.7,T9TTemp C,
58,10,25.6,24.7,T9TTemp C,
0,15,25.6,24.6,T9TTemp C,
5,15,25.6,24.7,T9TTemp C,
10,15,25.6,24.6,T9TTemp C,
15,15,25.6,24.6,T9TTemp C,
20,15,25.6,24.6,T9TTemp C,
25,15,25.6,24.6,T9TTemp C,
30,15,25.6,24.6,T9TTemp C,
35,15,25.6,24.6,T9TTemp C,
40,15,25.6,24.5,T9TTemp C,
45,15,25.6,24.5,T9TTemp C,
50,15,25.6,24.5,T9TTemp C,
55,15,25.6,24.5,T9TTemp C,
58,15,25.6,24.5,T9TTemp C,
0,20,25.6,24.5,T9TTemp C,
5,20,25.6,24.5,T9TTemp C,
10,20,25.6,24.5,T9TTemp C,
15,20,25.6,24.5,T9TTemp C,
20,20,25.6,24.5,T9TTemp C,
25,20,25.6,24.5,T9TTemp C,
30,20,25.6,24.5,T9TTemp C,
35,20,25.6,24.6,T9TTemp C,
40,20,25.6,24.6,T9TTemp C,
45,20,25.6,24.6,T9TTemp C,
50,20,25.6,24.5,T9TTemp C,
55,20,25.6,24.5,T9TTemp C,
58,20,25.6,24.6,T9TTemp C,
0,25,25.6,24.7,T9TTemp C,
5,25,25.6,24.7,T9TTemp C,
10,25,25.6,24.7,T9TTemp C,
15,25,25.6,24.7,T9TTemp C,
20,25,25.6,24.7,T9TTemp C,
25,25,25.6,24.8,T9TTemp C,
30,25,25.6,24.8,T9TTemp C,
35,25,25.6,24.8,T9TTemp C,
40,25,25.6,24.8,T9TTemp C,
45,25,25.6,24.8,T9TTemp C,
50,25,25.6,24.9,T9TTemp C,
55,25,25.6,24.9,T9TTemp C,
58,25,25.6,24.9,T9TTemp C,
0,30,25.6,25,T9TTemp C,
5,30,25.6,25,T9TTemp C,
10,30,25.6,25,T9TTemp C,
15,30,25.6,25,T9TTemp C,
20,30,25.6,25,T9TTemp C,
25,30,25.6,25,T9TTemp C,
30,30,25.6,25,T9TTemp C,
35,30,25.6,25,T9TTemp C,
40,30,25.6,24.9,T9TTemp C,
45,30,25.6,24.9,T9TTemp C,
50,30,25.6,24.9,T9TTemp C,
55,30,25.6,24.9,T9TTemp C,
58,30,25.6,24.8,T9TTemp C,
0,35,25.6,24.8,T9TTemp C,
5,35,25.6,24.8,T9TTemp C,
10,35,25.6,24.8,T9TTemp C,
15,35,25.6,24.8,T9TTemp C,
20,35,25.6,24.8,T9TTemp C,
25,35,25.6,24.8,T9TTemp C,
30,35,25.6,24.8,T9TTemp C,
35,35,25.6,24.8,T9TTemp C,
40,35,25.6,24.8,T9TTemp C,
45,35,25.6,24.7,T9TTemp C,
50,35,25.6,24.7,T9TTemp C,
55,35,25.6,24.6,T9TTemp C,
58,35,25.6,24.6,T9TTemp C,
0,40,25.6,24.6,T9TTemp C,
5,40,25.6,24.6,T9TTemp C,
10,40,25.6,24.6,T9TTemp C,
15,40,25.6,24.6,T9TTemp C,
20,40,25.6,24.6,T9TTemp C,
25,40,25.6,24.5,T9TTemp C,
30,40,25.6,24.5,T9TTemp C,
35,40,25.6,24.5,T9TTemp C,
40,40,25.6,24.5,T9TTemp C,
45,40,25.6,24.5,T9TTemp C,
50,40,25.6,24.5,T9TTemp C,
55,40,25.6,24.5,T9TTemp C,
58,40,25.6,24.4,T9TTemp C,
0,45,25.6,24.5,T9TTemp C,
5,45,25.6,24.5,T9TTemp C,
10,45,25.6,24.4,T9TTemp C,
15,45,25.6,24.4,T9TTemp C,
20,45,25.6,24.3,T9TTemp C,
25,45,25.6,24.3,T9TTemp C,
30,45,25.6,24.3,T9TTemp C,
35,45,25.6,24.3,T9TTemp C,
40,45,25.6,24.3,T9TTemp C,
45,45,25.6,24.3,T9TTemp C,
50,45,25.6,24.3,T9TTemp C,
55,45,25.6,24.3,T9TTemp C,
58,45,25.6,24.3,T9TTemp C,
0,50,25.6,24.4,T9TTemp C,
5,50,25.6,24.4,T9TTemp C,
10,50,25.6,24.5,T9TTemp C,
15,50,25.6,24.5,T9TTemp C,
20,50,25.6,24.5,T9TTemp C,
25,50,25.6,24.5,T9TTemp C,
30,50,25.6,24.5,T9TTemp C,
35,50,25.6,24.4,T9TTemp C,
40,50,25.6,24.5,T9TTemp C,
45,50,25.6,24.5,T9TTemp C,
50,50,25.6,24.5,T9TTemp C,
55,50,25.6,24.4,T9TTemp C,
58,50,25.6,24.4,T9TTemp C,
0,-5,28.8,24.7,T10TTemp C,
5,-5,28.8,24.7,T10TTemp C,
10,-5,28.8,24.7,T10TTemp C,
15,-5,28.8,24.7,T10TTemp C,
20,-5,28.8,24.6,T10TTemp C,
25,-5,28.8,24.6,T10TTemp C,
30,-5,28.8,24.6,T10TTemp C,
35,-5,28.8,24.6,T10TTemp C,
40,-5,28.8,24.5,T10TTemp C,
45,-5,28.8,24.6,T10TTemp C,
50,-5,28.8,24.6,T10TTemp C,
55,-5,28.8,24.7,T10TTemp C,
58,-5,28.8,24.6,T10TTemp C,
0,0,28.8,24.6,T10TTemp C,
5,0,28.8,24.7,T10TTemp C,
10,0,28.8,24.7,T10TTemp C,
15,0,28.8,24.7,T10TTemp C,
20,0,28.8,24.7,T10TTemp C,
25,0,28.8,24.7,T10TTemp C,
30,0,28.8,24.8,T10TTemp C,
35,0,28.8,24.8,T10TTemp C,
40,0,28.8,24.8,T10TTemp C,
45,0,28.8,24.9,T10TTemp C,
50,0,28.8,24.9,T10TTemp C,
55,0,28.8,25,T10TTemp C,
58,0,28.8,25,T10TTemp C,
0,5,28.8,25,T10TTemp C,
5,5,28.8,25.1,T10TTemp C,
10,5,28.8,25.1,T10TTemp C,
15,5,28.8,25.1,T10TTemp C,
20,5,28.8,25.1,T10TTemp C,
25,5,28.8,25.2,T10TTemp C,
30,5,28.8,25.2,T10TTemp C,
35,5,28.8,25.1,T10TTemp C,
40,5,28.8,25.1,T10TTemp C,
45,5,28.8,25.1,T10TTemp C,
50,5,28.8,25.1,T10TTemp C,
55,5,28.8,25.1,T10TTemp C,
58,5,28.8,25.1,T10TTemp C,
0,10,28.8,25.2,T10TTemp C,
5,10,28.8,25.1,T10TTemp C,
10,10,28.8,25.1,T10TTemp C,
15,10,28.8,25.1,T10TTemp C,
20,10,28.8,25.1,T10TTemp C,
25,10,28.8,25,T10TTemp C,
30,10,28.8,25,T10TTemp C,
35,10,28.8,25,T10TTemp C,
40,10,28.8,24.9,T10TTemp C,
45,10,28.8,24.9,T10TTemp C,
50,10,28.8,24.9,T10TTemp C,
55,10,28.8,24.8,T10TTemp C,
58,10,28.8,24.8,T10TTemp C,
0,15,28.8,24.8,T10TTemp C,
5,15,28.8,24.7,T10TTemp C,
10,15,28.8,24.7,T10TTemp C,
15,15,28.8,24.7,T10TTemp C,
20,15,28.8,24.7,T10TTemp C,
25,15,28.8,24.7,T10TTemp C,
30,15,28.8,24.6,T10TTemp C,
35,15,28.8,24.6,T10TTemp C,
40,15,28.8,24.6,T10TTemp C,
45,15,28.8,24.6,T10TTemp C,
50,15,28.8,24.6,T10TTemp C,
55,15,28.8,24.5,T10TTemp C,
58,15,28.8,24.5,T10TTemp C,
0,20,28.8,24.5,T10TTemp C,
5,20,28.8,24.5,T10TTemp C,
10,20,28.8,24.5,T10TTemp C,
15,20,28.8,24.6,T10TTemp C,
20,20,28.8,24.5,T10TTemp C,
25,20,28.8,24.6,T10TTemp C,
30,20,28.8,24.6,T10TTemp C,
35,20,28.8,24.6,T10TTemp C,
40,20,28.8,24.7,T10TTemp C,
45,20,28.8,24.7,T10TTemp C,
50,20,28.8,24.6,T10TTemp C,
55,20,28.8,24.6,T10TTemp C,
58,20,28.8,24.7,T10TTemp C,
0,25,28.8,24.7,T10TTemp C,
5,25,28.8,24.8,T10TTemp C,
10,25,28.8,24.8,T10TTemp C,
15,25,28.8,24.8,T10TTemp C,
20,25,28.8,24.8,T10TTemp C,
25,25,28.8,24.8,T10TTemp C,
30,25,28.8,24.9,T10TTemp C,
35,25,28.8,24.9,T10TTemp C,
40,25,28.8,24.9,T10TTemp C,
45,25,28.8,24.9,T10TTemp C,
50,25,28.8,25,T10TTemp C,
55,25,28.8,25,T10TTemp C,
58,25,28.8,25,T10TTemp C,
0,30,28.8,25,T10TTemp C,
5,30,28.8,25,T10TTemp C,
10,30,28.8,25.1,T10TTemp C,
15,30,28.8,25,T10TTemp C,
20,30,28.8,25.1,T10TTemp C,
25,30,28.8,25,T10TTemp C,
30,30,28.8,25,T10TTemp C,
35,30,28.8,25,T10TTemp C,
40,30,28.8,24.9,T10TTemp C,
45,30,28.8,24.9,T10TTemp C,
50,30,28.8,24.8,T10TTemp C,
55,30,28.8,24.8,T10TTemp C,
58,30,28.8,24.8,T10TTemp C,
0,35,28.8,24.8,T10TTemp C,
5,35,28.8,24.8,T10TTemp C,
10,35,28.8,24.7,T10TTemp C,
15,35,28.8,24.7,T10TTemp C,
20,35,28.8,24.7,T10TTemp C,
25,35,28.8,24.7,T10TTemp C,
30,35,28.8,24.6,T10TTemp C,
35,35,28.8,24.6,T10TTemp C,
40,35,28.8,24.6,T10TTemp C,
45,35,28.8,24.6,T10TTemp C,
50,35,28.8,24.6,T10TTemp C,
55,35,28.8,24.4,T10TTemp C,
58,35,28.8,24.4,T10TTemp C,
0,40,28.8,24.4,T10TTemp C,
5,40,28.8,24.4,T10TTemp C,
10,40,28.8,24.4,T10TTemp C,
15,40,28.8,24.4,T10TTemp C,
20,40,28.8,24.3,T10TTemp C,
25,40,28.8,24.3,T10TTemp C,
30,40,28.8,24.3,T10TTemp C,
35,40,28.8,24.3,T10TTemp C,
40,40,28.8,24.3,T10TTemp C,
45,40,28.8,24.3,T10TTemp C,
50,40,28.8,24.3,T10TTemp C,
55,40,28.8,24.3,T10TTemp C,
58,40,28.8,24.2,T10TTemp C,
0,45,28.8,24.2,T10TTemp C,
5,45,28.8,24.2,T10TTemp C,
10,45,28.8,24.2,T10TTemp C,
15,45,28.8,24.2,T10TTemp C,
20,45,28.8,24.1,T10TTemp C,
25,45,28.8,24.1,T10TTemp C,
30,45,28.8,24.1,T10TTemp C,
35,45,28.8,24.1,T10TTemp C,
40,45,28.8,24.1,T10TTemp C,
45,45,28.8,24.1,T10TTemp C,
50,45,28.8,24.1,T10TTemp C,
55,45,28.8,24.1,T10TTemp C,
58,45,28.8,24.1,T10TTemp C,
0,50,28.8,24.1,T10TTemp C,
5,50,28.8,24.2,T10TTemp C,
10,50,28.8,24.2,T10TTemp C,
15,50,28.8,24.3,T10TTemp C,
20,50,28.8,24.3,T10TTemp C,
25,50,28.8,24.3,T10TTemp C,
30,50,28.8,24.3,T10TTemp C,
35,50,28.8,24.2,T10TTemp C,
40,50,28.8,24.2,T10TTemp C,
45,50,28.8,24.3,T10TTemp C,
50,50,28.8,24.3,T10TTemp C,
55,50,28.8,24.2,T10TTemp C,
58,50,28.8,24.3,T10TTemp C,